,AT,V,AP,RH,PE
6502,15.24,37.87,1020.52,84.49,463.09
654,25.01,66.56,1004.55,82.46,434.74
6567,19.51,48.78,1021.03,86.33,453.27
5197,30.66,73.77,1003.13,78.09,430.0
9283,30.76,69.14,1007.63,71.24,431.67
861,30.96,64.44,1013.63,49.64,437.61
996,28.17,72.43,1007.37,68.92,428.88
2260,26.43,58.41,1013.57,64.67,444.74
3388,19.83,63.94,1019.81,75.05,448.03
1729,11.58,39.69,1005.17,86.55,469.6
4120,29.19,67.51,1011.48,55.55,446.97
777,11.73,37.92,1008.24,65.13,472.04
3271,11.43,41.16,1022.81,92.04,466.86
3826,6.93,39.81,1017.25,87.29,484.98
815,18.67,47.83,1005.12,82.97,454.47
5240,14.56,47.45,1009.52,91.14,451.95
5968,30.2,71.85,1008.25,59.1,425.21
7531,10.15,41.46,1019.78,83.56,481.31
1145,10.56,40.22,1005.08,89.71,478.02
6991,10.09,41.01,1019.89,96.55,471.15
9546,12.88,44.34,1016.03,88.51,474.94
3939,7.46,39.81,1018.62,86.73,484.13
5288,12.39,44.58,1016.38,84.95,475.37
5685,15.48,41.66,1009.55,66.74,467.06
1770,5.21,41.31,1003.51,91.23,486.46
6798,29.01,70.32,1007.26,60.55,429.23
287,30.08,67.25,1017.6,53.09,434.01
4812,25.56,58.82,1010.44,70.23,441.0
9550,17.53,42.24,1016.9,60.95,470.63
687,14.13,53.82,1016.72,64.85,467.08
3726,26.75,56.57,1013.76,57.93,443.92
7075,16.59,43.56,1012.88,59.61,465.03
6882,6.15,40.07,1020.2,66.64,494.3
838,28.41,74.16,1010.29,72.09,439.2
1168,14.33,42.86,1010.82,88.59,469.52
6413,10.93,39.22,1019.44,64.94,473.27
3940,24.47,48.6,1002.49,75.04,442.08
2072,9.55,43.99,1020.5,97.28,476.06
2372,9.41,43.5,1021.0,88.74,473.84
6774,16.92,50.9,1013.27,82.97,460.86
3059,21.43,46.97,1013.94,61.25,457.68
8007,24.34,70.79,1006.82,85.66,433.83
584,30.97,67.69,1005.61,50.88,425.35
4597,17.66,62.1,1019.49,86.3,452.03
3493,7.49,39.81,1019.03,87.29,483.59
1015,16.21,41.23,995.88,80.0,463.09
7960,27.92,74.99,1005.47,75.13,431.76
1012,31.41,76.09,1007.68,70.49,430.81
3055,8.27,40.69,1020.13,86.1,484.97
7617,23.77,69.13,1011.05,89.41,434.08
2749,13.52,40.83,1008.31,84.14,471.95
5642,24.14,63.21,1012.28,89.08,440.74
9092,23.12,69.71,1008.98,84.41,442.21
8383,15.84,49.69,1015.14,90.41,462.6
4729,24.85,70.09,1006.56,70.09,439.96
6419,26.95,70.79,1004.09,75.35,430.07
4890,22.35,63.94,1010.32,93.02,443.9
7412,25.92,73.77,1001.27,94.28,432.0
6014,21.98,59.39,1015.25,84.52,446.79
6257,21.5,50.59,1017.08,65.28,453.8
563,7.49,36.08,1020.27,85.69,483.26
6473,7.1,41.74,1022.25,91.07,484.12
4657,17.77,43.72,1009.01,77.7,456.34
2764,22.72,69.13,1010.81,92.43,438.01
2667,8.5,39.16,1014.1,86.64,485.76
856,13.87,49.83,1006.76,89.14,462.46
5145,31.7,70.36,1006.26,58.18,438.38
4043,17.45,42.28,1007.64,69.19,463.83
2031,23.71,67.17,1007.27,90.2,440.65
4549,17.82,65.48,1019.64,86.6,449.21
9554,10.06,37.83,1005.49,99.46,473.51
1979,29.45,75.6,1018.12,50.68,437.31
5630,30.68,73.67,1005.63,57.05,429.64
7635,9.81,71.14,1019.43,87.93,469.64
3120,28.08,73.17,1011.19,73.1,430.8
4143,13.85,45.08,1024.86,83.85,468.35
1864,13.91,40.24,1017.03,85.93,466.24
3926,22.17,60.27,1018.21,89.55,443.31
2177,17.68,44.92,1024.55,69.7,458.12
1684,10.58,42.34,1022.32,94.01,474.91
3467,25.98,60.95,1014.5,48.01,442.9
7516,27.61,59.54,1005.84,71.27,437.85
9105,13.07,42.18,1014.98,87.77,461.71
9374,21.94,64.69,1007.39,77.58,449.36
9180,23.1,70.79,1006.53,90.81,434.58
5560,10.59,41.26,1008.1,98.27,474.76
6467,24.75,63.57,1010.47,84.24,445.3
6682,11.21,44.03,1007.95,93.03,471.79
500,26.32,69.71,1009.39,67.05,441.25
7597,29.75,74.87,1009.1,56.5,435.61
8035,14.41,43.13,1016.32,59.55,467.46
5149,14.1,42.18,1015.05,78.25,463.3
69,27.13,59.54,1004.33,73.27,438.32
5838,31.09,74.22,1007.56,46.36,430.3
9553,13.85,41.39,1018.62,75.55,471.45
5584,18.26,69.94,1004.1,97.39,443.59
457,9.55,40.72,1023.12,68.06,481.08
5846,12.34,40.1,1015.77,92.26,470.92
8033,14.01,45.08,1023.28,82.49,464.79
7956,12.64,41.79,1016.38,92.65,461.46
5266,23.71,68.63,1014.54,46.04,449.41
6621,20.12,56.53,1020.34,75.59,454.54
8832,20.51,48.6,1005.29,80.7,448.0
6548,28.32,68.12,1011.62,46.75,433.59
5008,14.57,37.86,1022.44,68.82,463.58
5014,17.8,43.72,1008.71,78.5,458.92
961,27.17,61.02,1011.38,65.32,437.06
4542,25.02,47.45,1008.07,60.42,446.62
4735,28.44,67.07,1006.08,50.42,433.15
11,22.99,46.93,1014.15,49.42,451.41
2807,24.92,73.68,1015.12,93.68,438.23
1295,26.82,69.05,1004.62,40.0,437.42
3654,22.4,58.12,1015.24,78.03,449.13
1254,29.05,70.32,1011.33,72.5,437.16
2834,26.61,56.85,1012.48,48.84,437.26
3799,18.9,57.5,1016.21,93.9,451.42
9441,22.7,64.05,1012.65,89.69,448.76
542,10.16,41.55,1005.69,58.04,477.27
2237,31.0,77.95,1010.14,65.97,431.62
4281,6.03,41.17,1019.81,84.2,488.57
9266,28.44,69.4,1003.98,73.51,433.44
4670,24.5,60.77,1017.15,73.66,439.91
6834,29.87,73.68,1015.1,40.96,433.43
6865,16.81,42.86,1013.83,77.11,464.36
4429,13.43,43.56,1013.02,66.36,472.94
5899,17.69,65.46,1013.72,67.28,448.49
8662,6.5,41.14,1028.15,86.78,480.96
912,10.79,43.56,1015.15,73.01,479.64
6256,10.72,40.81,1016.51,80.26,474.64
326,11.46,39.1,1010.17,100.15,470.55
6663,24.42,64.79,1016.12,69.32,449.1
2994,22.93,58.2,1017.75,54.09,444.95
8302,21.92,64.63,1020.42,65.22,452.49
954,22.85,60.08,1018.05,67.12,452.5
5338,32.0,65.74,1011.22,46.16,440.26
7537,27.69,70.32,1012.2,82.27,432.57
3809,10.98,41.54,1019.94,69.83,479.08
3894,11.74,43.56,1015.14,70.72,477.5
8282,8.7,39.72,1020.0,78.75,479.03
7897,16.62,52.05,1011.96,67.81,457.89
5797,18.85,67.32,1012.91,82.37,446.7
531,17.89,40.12,1011.99,76.52,451.79
8152,12.53,42.03,1017.57,81.57,469.18
6976,27.16,65.61,1014.21,47.93,441.33
8025,22.54,63.91,1012.15,84.91,446.64
6769,13.67,40.71,1016.19,66.15,467.62
7491,27.34,59.87,1012.06,59.04,448.26
7349,14.59,41.23,999.48,86.66,466.83
7539,13.26,42.99,1007.58,94.26,472.52
8295,18.01,62.26,1011.89,89.29,451.14
6875,13.0,48.79,1017.14,85.23,464.12
4326,16.68,53.16,1014.32,78.02,456.29
3407,31.25,73.5,1010.81,45.2,432.25
4548,12.66,43.67,1012.49,95.96,472.44
3447,11.01,43.69,1016.7,81.48,477.3
7196,11.45,45.01,1018.88,92.12,470.4
3168,17.28,44.92,1024.39,76.08,459.26
8522,17.14,40.55,1000.05,71.41,461.21
881,13.99,45.0,1023.83,77.92,472.55
1611,12.1,44.77,1019.1,75.85,463.11
2289,19.31,67.71,1005.31,77.15,446.23
3050,30.51,70.79,1004.55,56.05,428.79
4193,25.23,61.86,1013.0,76.18,441.48
9065,27.88,70.79,1005.06,72.5,429.62
2517,28.43,73.18,1012.52,71.05,427.11
7958,26.16,59.87,1013.24,71.92,446.73
8575,10.3,41.79,1021.09,49.39,471.58
3900,29.08,70.83,1007.98,51.95,430.91
5619,31.01,67.83,1007.95,43.57,429.46
5428,33.96,68.94,1006.93,47.39,427.06
1559,6.91,37.49,1011.05,82.07,481.88
6085,10.59,25.36,1009.59,100.16,470.96
3702,28.37,68.12,1012.41,45.87,436.42
6535,14.03,49.83,1006.64,90.01,463.71
1296,21.76,60.27,1018.96,85.06,446.86
8223,9.73,41.01,1021.76,97.71,469.11
3387,22.5,58.79,1017.48,73.02,443.35
3524,12.71,41.39,1019.3,74.2,475.13
6709,17.18,63.09,1020.67,93.58,451.37
7756,31.13,67.45,1015.02,41.34,435.14
5669,16.81,42.42,1008.95,74.25,462.19
3104,19.84,56.89,1013.23,78.32,447.92
3154,15.26,41.2,1016.0,76.06,467.98
7881,21.1,62.66,1011.19,83.49,448.8
926,8.35,43.79,1016.2,85.23,484.21
3859,16.7,46.18,1011.2,96.84,456.2
2370,12.81,45.51,1015.46,79.97,469.27
6702,20.78,68.28,1008.75,60.87,450.57
1367,8.73,41.92,1029.41,89.72,480.99
6129,29.51,75.6,1017.92,50.61,431.18
1016,14.55,41.7,1018.58,80.8,454.14
7727,26.97,67.32,1014.35,55.07,439.61
5473,18.82,61.27,1019.5,72.23,455.29
8812,22.52,67.32,1011.4,66.2,443.49
47,23.8,48.6,1002.43,67.32,440.89
332,16.76,45.09,1014.28,57.71,458.67
5177,18.32,42.18,1002.27,95.99,458.46
8354,28.73,73.91,1004.91,70.17,436.12
2346,15.91,38.62,1016.2,63.63,462.25
240,25.67,74.78,1010.24,68.87,440.48
3302,31.46,66.54,1002.86,53.75,427.76
2782,9.03,40.71,1025.98,81.94,484.97
7627,6.76,36.25,1028.31,91.16,484.36
7307,24.99,48.92,1010.03,41.26,443.12
6842,18.62,61.27,1019.26,73.35,455.75
4545,8.41,40.67,1019.97,69.2,489.25
593,21.24,44.57,1008.72,72.57,447.03
6335,13.48,41.26,1021.92,78.24,466.88
3162,30.03,70.02,1010.07,64.2,436.88
8930,34.51,73.03,1013.73,39.42,439.8
1007,10.16,40.8,1028.13,86.39,477.49
2771,26.4,48.41,1008.51,66.95,442.23
8349,14.02,40.66,1017.05,84.14,465.39
573,20.79,65.59,1014.9,77.0,450.3
3030,24.15,64.63,1020.72,58.06,448.87
4957,10.59,41.54,1019.94,73.88,477.05
1473,28.18,73.88,1005.89,75.41,434.48
5047,13.67,44.92,1023.6,85.35,467.71
135,18.61,67.71,1004.07,84.49,443.57
4840,10.19,37.14,1012.74,73.48,475.01
8423,15.03,44.45,1020.94,65.57,460.06
4668,25.54,49.16,1003.64,47.4,443.55
4008,19.15,59.21,1018.41,88.9,450.26
5283,7.44,41.04,1021.84,88.56,479.08
3967,24.26,69.71,1008.98,81.58,438.6
5061,27.22,66.49,1013.45,42.41,437.24
4756,20.62,48.41,1007.37,87.51,445.4
4770,22.06,59.39,1015.26,85.04,441.31
9513,16.2,45.76,1014.73,89.84,460.87
6363,7.03,41.74,1021.92,86.44,486.91
3531,17.33,41.35,999.51,68.36,460.46
1183,13.74,45.08,1024.97,84.79,466.79
3150,33.67,80.18,1010.83,60.87,431.99
7017,21.95,68.63,1012.8,61.55,448.9
7436,13.42,40.35,1011.2,77.0,472.57
5050,29.78,70.98,1007.82,77.59,436.32
1141,10.23,42.32,1017.53,89.93,473.59
1499,12.82,43.5,1022.38,84.32,471.41
502,9.68,41.48,1018.24,71.04,473.31
5169,23.49,64.63,1020.75,65.16,450.28
10,28.28,68.67,1006.36,69.9,435.29
1423,14.09,41.66,1009.25,71.4,469.93
6391,24.18,66.48,1003.3,70.99,433.37
5060,23.74,49.21,1012.78,42.5,447.67
59,29.11,74.9,1003.31,74.01,432.43
8684,28.36,69.88,1007.75,84.17,434.03
4508,17.48,43.14,1018.68,74.85,459.59
2192,13.11,42.99,1007.6,97.0,472.84
3384,24.26,56.57,1013.86,70.35,442.9
4892,11.64,41.39,1017.36,83.4,479.53
1123,29.12,66.51,1015.69,37.9,432.88
1395,5.47,38.68,1017.33,72.71,485.7
9495,18.26,61.27,1019.1,74.74,428.67
5595,14.42,44.88,1019.35,59.17,462.72
1599,29.7,67.17,1007.31,66.56,438.04
4861,31.37,74.87,1009.22,56.58,436.16
5356,25.77,59.39,1014.76,69.99,438.64
1210,25.06,52.36,1014.7,67.98,454.13
2614,27.23,71.77,1006.59,77.94,427.39
5198,24.8,59.87,1018.79,60.79,441.0
4938,16.39,52.75,1024.42,54.61,459.48
8908,19.47,58.79,1016.8,87.26,450.17
1643,21.89,74.78,1010.35,80.39,444.6
7125,8.57,40.23,1017.53,90.46,484.17
290,29.56,70.4,1006.49,82.95,432.85
3671,27.06,61.41,1011.99,45.23,452.85
6792,6.06,41.17,1019.67,84.7,489.62
6921,14.7,44.9,1021.87,83.9,468.69
5315,22.35,57.76,1017.92,68.18,453.74
6705,8.41,39.16,1015.47,93.42,484.34
1185,19.6,48.14,1013.18,68.71,456.57
501,21.89,74.93,1016.11,77.88,448.47
7088,24.09,63.94,1017.59,51.02,442.92
3361,24.06,58.98,1010.66,81.16,443.75
3934,22.49,71.29,1008.24,75.8,442.58
9227,25.54,61.08,1013.77,69.64,448.57
8210,13.83,42.86,1030.77,75.09,470.21
4259,18.89,43.56,1012.79,38.63,463.91
82,29.14,61.5,1009.64,39.95,437.76
8824,9.75,36.66,1026.21,70.12,479.45
2315,28.85,58.33,1013.78,41.39,444.0
7875,23.57,66.75,1018.06,80.19,439.71
8777,27.47,63.78,1016.07,48.47,446.69
8544,16.12,45.87,1008.15,86.12,457.41
7817,25.38,71.73,1009.97,72.6,434.44
4062,26.94,71.14,1011.63,62.74,434.03
7618,21.75,65.12,1015.53,66.0,452.89
5672,25.97,70.32,1007.48,57.01,435.27
1886,30.2,71.8,1011.13,60.66,436.94
9255,8.03,40.67,1020.13,70.87,492.26
5861,26.49,67.69,1004.61,78.13,430.62
7434,27.29,64.45,1013.46,45.35,446.94
1716,23.49,49.3,1003.35,77.96,442.76
5441,8.97,36.24,1013.21,90.77,477.89
3179,19.12,45.01,1014.0,59.95,453.24
8174,14.03,49.15,1020.5,83.65,467.16
672,23.55,51.95,1006.0,76.46,449.54
8299,10.31,42.49,1009.43,78.36,479.64
1290,31.38,72.29,1008.73,73.27,430.58
9336,28.84,74.9,1004.38,66.86,436.42
2435,29.84,74.87,1009.64,61.39,435.05
6501,18.8,44.71,1016.56,31.29,459.85
4219,22.9,67.25,1017.74,74.53,438.62
6243,21.96,71.85,1009.38,75.98,441.52
3581,23.96,60.95,1015.01,65.24,446.4
772,11.8,41.54,1020.0,65.85,476.12
5839,23.75,60.29,1017.36,64.04,449.57
5322,30.81,71.97,1008.36,75.0,430.53
6482,17.2,40.55,1000.68,72.67,462.55
9458,24.4,67.45,1015.63,57.1,435.47
7035,27.71,69.13,1001.63,51.45,432.54
8993,25.91,67.07,1005.66,60.12,441.74
2713,26.11,69.84,1002.57,84.99,427.45
3673,21.39,64.27,1011.71,95.39,445.12
4397,25.64,63.47,1012.33,68.35,442.62
7287,15.18,43.67,1011.59,92.58,467.74
4358,15.42,39.82,1012.89,83.54,469.9
4785,25.06,64.63,1020.66,54.93,446.57
3625,10.62,39.64,1010.51,68.55,478.37
982,18.5,46.93,1015.0,66.81,455.63
4194,28.86,73.18,1012.46,68.8,427.01
4831,31.61,69.04,1008.11,47.96,439.19
2960,21.65,58.18,1008.33,95.28,441.05
894,28.09,65.27,1013.27,51.96,440.0
8245,13.12,39.18,1023.11,64.33,471.44
2018,16.72,44.34,1019.26,63.77,465.89
6679,15.63,41.79,1006.7,78.28,455.24
7065,16.55,54.3,1017.95,60.84,460.59
6802,7.19,41.39,1018.12,90.76,486.35
308,27.76,71.97,1008.53,86.97,434.04
455,20.36,66.05,1015.86,87.19,450.23
8601,14.51,53.82,1016.46,62.75,463.17
2504,22.86,58.96,1014.03,54.96,451.82
3619,6.92,43.13,1018.26,89.23,486.36
2810,24.88,51.43,1011.28,67.38,441.03
5522,25.95,69.51,1009.36,66.82,434.38
7206,16.69,46.18,1011.0,97.85,458.57
5573,17.48,52.9,1020.03,76.47,458.34
4807,26.5,66.75,1018.48,61.62,431.23
5475,19.62,58.79,1017.59,87.39,446.29
7132,9.98,41.62,1013.56,95.77,463.16
6885,26.22,67.45,1013.7,44.04,440.17
1121,26.86,68.08,1012.99,50.04,436.25
8790,24.43,72.43,1008.03,85.56,434.71
9021,15.12,52.05,1014.63,80.38,464.78
9467,15.02,42.07,1017.89,83.68,460.82
2902,14.83,53.82,1016.57,63.47,464.0
15,22.72,64.15,1021.14,60.34,453.13
8750,20.08,63.09,1019.0,77.06,448.74
923,9.26,39.61,1021.18,84.58,480.38
2193,10.74,41.46,1016.76,84.59,479.94
9407,15.11,42.99,1007.53,85.75,466.25
357,20.01,43.77,1012.13,65.53,455.66
7879,6.9,39.81,1016.74,88.24,481.88
8866,12.22,40.71,1021.25,80.83,477.07
8447,31.87,67.32,1013.65,36.69,435.47
7692,6.57,42.07,1004.48,74.82,483.86
6964,23.09,63.91,1012.23,83.25,447.9
7429,27.34,63.78,1016.5,48.4,446.56
4920,27.27,72.58,1009.25,89.31,428.93
3422,17.46,42.42,1008.97,69.19,469.63
4951,14.77,49.15,1020.56,80.27,467.72
9157,7.76,37.7,1014.82,76.47,480.7
5990,23.43,71.97,1009.42,94.27,442.19
3637,10.12,39.96,1025.98,98.63,471.6
7279,25.11,63.21,1012.21,83.58,443.43
3175,31.01,74.16,1010.89,56.52,434.64
8284,26.56,52.3,1007.4,62.04,439.25
1500,27.2,77.95,1009.48,78.53,433.39
7782,33.08,69.75,1009.03,43.69,434.98
9178,10.67,40.23,1017.75,85.06,483.9
7010,13.35,40.27,1005.83,49.75,474.68
2321,13.0,39.28,1016.7,81.94,473.6
2161,11.92,41.2,1016.99,81.24,476.0
1319,30.4,77.3,1002.44,59.42,438.43
9421,29.65,72.86,1004.26,69.63,434.67
4031,27.03,65.12,1015.94,45.1,441.62
1469,29.56,74.22,1007.45,57.46,432.84
2196,32.89,66.44,1009.94,60.55,431.54
6790,13.52,42.34,1017.97,95.34,463.71
7417,18.41,44.89,1009.75,77.24,448.88
7153,7.61,39.42,1024.93,74.77,475.55
6941,21.44,50.78,1008.87,87.56,443.3
1678,4.95,42.07,1004.87,80.88,485.67
5660,24.76,63.07,1012.73,70.39,443.04
5617,16.87,52.05,1012.7,71.63,460.31
9258,25.59,73.5,1011.19,81.52,435.48
7271,26.96,69.45,1013.89,51.47,436.69
6098,17.78,50.66,1015.09,91.9,456.11
8656,20.94,49.02,1008.91,87.32,448.18
7440,24.11,59.27,1011.02,78.18,444.35
1754,13.46,41.4,1019.46,71.73,467.4
8964,27.36,58.33,1013.86,56.7,439.14
6799,16.25,58.86,1015.94,86.52,456.49
6895,30.78,69.14,1007.27,62.77,433.96
6037,22.25,43.79,1015.78,52.68,461.93
7473,10.42,39.96,1025.21,95.69,470.81
9268,23.86,74.93,1016.88,71.44,444.38
2129,12.68,41.4,1021.59,78.57,466.64
2587,30.85,68.94,1007.31,68.99,426.1
4528,7.24,39.04,1019.0,68.69,485.57
8513,32.38,67.17,1006.97,60.04,438.67
9071,21.04,74.87,1009.09,88.25,443.44
3862,24.8,65.48,1018.56,62.05,442.02
3815,25.16,68.08,1010.89,70.16,435.78
1963,29.1,73.9,1007.47,59.48,436.56
3061,18.51,58.46,1017.21,88.1,448.39
438,28.15,74.9,1003.67,76.32,433.63
2976,25.46,56.89,1012.59,62.9,443.5
6373,10.24,39.28,1010.13,81.61,477.53
6281,27.71,74.34,998.14,71.85,434.2
3643,26.52,65.06,1013.4,51.78,439.66
760,13.21,40.56,1018.12,64.49,475.86
3836,13.75,44.47,1029.63,70.74,467.14
5343,13.33,38.47,1015.42,58.27,466.26
5884,9.87,42.74,1024.61,87.74,470.9
6182,31.24,68.3,1015.89,42.84,435.2
6935,21.49,61.27,1019.81,63.21,450.07
4330,18.34,44.63,1000.76,89.27,455.22
5212,16.0,44.9,1020.5,80.89,461.5
7767,11.22,41.93,1023.13,69.35,480.71
5073,21.73,50.32,1008.51,84.62,442.1
4069,5.65,40.72,1022.46,85.17,487.09
5421,5.53,35.79,1013.48,94.19,484.25
6164,26.28,73.06,1008.06,90.7,437.01
2535,9.06,39.3,1019.73,84.23,480.41
7580,25.68,46.21,1011.01,57.53,442.98
4942,28.27,66.56,1007.36,55.99,433.52
7800,9.43,41.4,1028.42,84.92,479.28
146,14.55,42.74,1027.29,66.64,457.77
9239,31.51,71.97,1007.84,71.18,430.11
6471,15.98,41.48,1017.0,55.73,456.31
118,21.3,59.39,1013.83,84.53,444.21
1005,31.27,69.13,1009.45,57.01,425.48
8800,29.92,57.19,1008.62,45.8,438.99
6323,10.39,40.22,1006.59,87.77,479.14
880,33.79,69.05,1001.62,40.13,435.1
5955,10.02,42.44,1014.57,99.16,478.5
4278,13.01,41.58,1020.82,78.41,464.64
8294,26.56,49.02,1007.65,70.78,438.82
5759,13.52,41.48,1014.46,67.12,460.76
752,29.15,73.42,1011.43,66.49,432.26
4103,15.16,40.73,1017.7,86.37,459.19
9200,5.76,40.07,1013.22,62.99,494.67
9017,24.45,65.12,1015.92,57.19,445.01
9504,29.2,64.84,1009.94,55.37,441.9
145,12.26,39.96,1011.79,79.06,470.87
1788,24.47,70.94,1008.07,81.55,436.29
3616,24.48,69.45,1013.86,62.39,435.74
8153,10.98,37.5,1011.12,97.51,472.34
2447,22.6,69.84,1006.37,79.59,435.13
5912,6.17,41.31,1002.49,87.59,481.27
4345,10.38,41.01,1020.8,94.26,465.9
4392,3.98,35.47,1017.22,86.53,489.64
707,18.55,52.84,1004.45,86.82,450.23
842,24.58,49.02,1008.85,79.32,442.47
2159,30.13,68.94,1005.88,40.71,441.78
4007,14.02,40.75,1016.05,70.65,470.48
7461,27.5,49.3,1004.02,59.23,439.77
3646,25.68,59.44,1012.33,67.29,444.36
5791,20.68,63.86,1015.73,74.36,447.84
931,16.15,41.85,1016.54,81.58,466.56
3883,10.91,42.34,1021.83,94.99,470.91
4408,26.14,61.02,1010.13,66.71,436.17
2506,12.65,44.03,1007.13,85.23,466.01
6606,22.77,70.32,1012.04,82.43,440.67
6286,9.32,41.39,1020.03,70.21,481.88
7659,21.28,70.32,1011.55,88.05,438.7
2038,14.07,43.34,1015.79,86.0,463.77
3087,13.72,34.03,1018.57,65.95,469.25
4956,27.08,66.05,1017.33,54.68,439.47
679,14.69,54.3,1018.01,73.4,462.63
1502,6.52,35.57,1025.37,78.32,486.06
3268,12.7,39.72,1017.89,62.97,467.77
450,9.68,41.06,1022.75,87.44,476.67
488,25.76,74.87,1010.18,65.15,443.7
2791,34.09,68.51,1009.0,32.96,431.19
7396,29.38,69.68,1011.35,49.25,430.2
151,18.58,44.6,1016.61,48.15,459.06
6199,24.1,68.08,1012.73,65.24,440.33
9419,21.87,66.86,1013.01,57.39,453.62
5011,22.84,71.25,1001.9,96.45,433.85
8061,24.02,77.54,1008.33,83.92,438.52
6194,19.31,52.72,1024.93,53.93,455.25
3489,23.82,64.15,1020.96,60.11,447.37
2785,22.7,61.41,1012.08,78.08,449.75
6568,29.0,69.68,1012.78,66.09,442.79
6067,27.41,59.21,1013.3,50.93,438.39
780,22.61,59.87,1019.12,66.12,441.2
5965,22.39,48.14,1014.56,64.31,448.58
2747,28.69,67.25,1017.71,53.83,432.21
3289,25.34,69.48,1008.4,74.79,433.81
6718,14.73,54.3,1016.75,67.13,463.63
3239,15.85,42.28,1007.4,82.12,467.3
897,9.0,43.13,1020.25,81.32,481.09
7598,14.33,38.73,1003.52,85.92,468.86
3823,26.05,65.38,1009.43,52.1,449.82
2808,13.15,40.78,1024.13,79.59,462.3
4973,22.89,73.11,1006.66,73.11,440.15
1480,32.84,74.67,1015.89,31.81,430.88
9,6.77,38.18,1017.8,81.13,484.31
383,21.68,64.15,1021.09,70.88,454.32
5602,17.4,44.9,1020.5,77.11,457.75
8807,9.29,34.03,1018.84,74.81,483.74
7109,10.13,38.16,1013.57,79.04,474.92
992,16.34,42.28,1008.08,52.8,463.29
1485,32.16,68.14,1004.86,37.77,429.64
98,31.1,71.32,1008.09,45.87,437.54
7951,20.84,65.06,1016.88,71.93,445.74
2604,11.37,39.16,1016.54,87.05,480.54
8254,7.99,36.08,1020.08,83.2,481.35
3287,32.32,76.09,1006.63,62.96,432.53
9085,9.46,41.4,1026.78,87.58,480.82
461,15.42,40.56,1021.23,59.37,469.33
6055,30.49,64.44,1013.43,51.73,438.09
2095,27.98,71.98,1005.58,81.0,428.44
8211,8.47,41.03,1021.72,70.16,485.1
6001,28.54,71.94,1007.4,65.99,430.91
2091,18.03,53.16,1013.06,82.03,458.04
6918,24.77,69.71,1009.86,85.56,441.29
1926,3.2,41.31,997.67,98.84,489.86
8853,10.1,44.03,1008.11,90.29,471.59
5578,7.64,41.17,1020.01,75.14,488.53
4191,20.83,67.32,1011.76,73.11,443.17
680,26.31,72.39,1001.16,88.43,434.53
6426,8.9,41.4,1030.83,85.63,472.95
410,21.83,41.1,1001.91,41.79,453.38
4598,30.55,71.06,1009.33,73.38,432.6
6235,20.08,58.12,1015.53,80.84,455.85
3045,8.36,40.67,1014.99,73.65,489.1
244,19.4,42.44,1013.19,58.63,459.76
2790,23.02,63.47,1012.21,80.61,443.66
8060,27.81,64.69,1006.59,71.75,437.02
3309,27.58,71.97,1008.51,87.99,430.53
3603,12.06,48.04,1010.01,100.13,465.63
5877,5.7,40.62,1016.07,84.94,482.82
9345,18.41,42.44,1012.66,65.93,463.2
7397,21.04,45.09,1014.19,40.62,450.92
4932,23.64,70.04,1011.09,83.35,435.21
9154,14.03,41.79,1008.07,83.32,457.98
4035,27.74,70.32,1009.58,50.29,433.47
9160,22.05,48.14,1015.81,69.94,447.37
727,24.82,71.94,1010.5,64.67,438.69
4019,20.53,65.06,1016.69,73.47,446.64
7157,23.88,51.95,1005.37,75.25,449.52
6141,15.19,41.43,1011.34,89.67,470.41
3529,27.08,66.05,1017.91,59.1,441.16
6234,24.97,54.2,1012.68,74.25,439.71
5680,13.39,49.83,1007.14,90.88,466.04
7982,28.04,70.32,1011.28,78.16,435.42
5287,23.93,65.59,1011.09,87.26,444.9
6822,18.03,53.16,1013.1,81.42,457.73
9423,22.1,65.48,1019.3,66.96,447.0
3492,24.32,66.25,1009.09,91.89,444.93
6031,10.8,40.22,1011.25,84.57,478.21
4308,21.03,63.86,1014.84,71.72,450.64
8378,22.19,58.49,1010.91,77.03,449.4
6457,12.54,44.03,1007.05,84.03,471.86
282,8.58,40.72,1022.04,87.55,480.96
6189,26.05,73.88,1005.67,82.08,439.96
3010,22.47,48.6,1002.33,63.23,445.98
3781,24.49,65.46,1015.77,44.95,445.27
740,13.16,43.71,1024.44,85.68,469.06
7829,9.97,41.62,1013.99,96.02,464.86
939,5.28,45.87,1008.25,97.88,479.91
2673,26.78,73.06,1007.99,90.47,433.25
4150,13.78,38.28,1014.8,81.19,467.43
7749,27.23,66.48,1005.23,52.38,432.55
4066,15.22,41.35,1003.12,95.45,464.56
1239,23.56,66.49,1012.21,53.86,441.92
3999,14.46,42.86,1031.34,69.84,464.44
1460,29.71,73.18,1012.35,63.06,427.04
8598,21.84,59.39,1015.77,88.12,442.11
3056,25.38,74.67,1016.61,81.34,435.41
890,15.64,38.28,1014.39,76.93,466.51
4216,15.12,41.79,1007.16,82.35,455.63
2361,15.74,43.34,1013.38,81.45,463.24
3480,24.16,48.98,1015.19,42.55,459.27
4908,17.44,44.89,1009.9,80.54,457.67
6638,26.59,66.49,1013.32,49.76,439.72
406,21.3,48.92,1010.92,65.09,447.89
4772,21.75,59.8,1016.65,72.94,453.17
6306,26.98,43.77,1010.95,40.8,446.05
4696,18.37,58.96,1015.5,67.79,460.25
3676,22.2,44.05,1007.34,75.13,445.32
5090,22.99,61.02,1009.88,81.56,440.85
6299,23.9,61.41,1011.95,67.87,451.99
2617,25.23,60.84,1017.79,56.42,442.02
4781,7.57,41.14,1028.23,87.97,477.8
8194,25.76,65.48,1017.82,54.77,441.14
2365,24.51,51.86,1014.64,67.57,446.74
2422,26.1,74.16,1009.42,85.4,437.18
3152,24.12,51.43,1006.55,83.77,441.49
1278,11.78,39.96,1011.37,82.95,472.79
4439,19.69,56.65,1020.72,70.86,456.18
6737,7.0,35.77,1018.21,64.84,482.8
5118,14.43,39.82,1012.56,78.52,470.17
3771,14.18,39.3,1020.1,67.48,464.32
1809,16.0,43.34,1013.58,78.87,461.7
5436,27.31,65.12,1016.05,45.98,440.06
7152,19.99,65.94,1012.28,75.42,447.22
6269,26.52,77.17,1008.71,92.32,432.48
4253,19.04,51.86,1018.05,79.01,458.64
4929,24.38,47.01,1015.17,68.96,454.85
1868,25.86,61.08,1013.51,67.5,449.67
2511,26.88,73.56,1004.85,94.36,430.63
3023,3.4,39.64,1011.1,83.43,459.86
2170,22.1,68.12,1012.71,79.77,440.08
5618,30.97,67.9,1005.98,55.6,428.26
3008,31.05,62.7,1009.35,55.27,441.67
6074,20.14,46.93,1014.66,64.22,453.99
8126,17.8,62.26,1011.81,89.81,451.62
4667,18.94,48.7,1007.82,92.88,453.36
5962,7.94,40.56,1023.25,80.84,488.01
2476,11.34,43.67,1011.54,87.95,472.77
9003,24.05,61.87,1009.64,54.54,442.16
4402,17.33,53.16,1013.16,82.93,460.67
7511,29.89,71.29,1009.0,55.72,431.45
8403,29.83,71.43,1011.93,55.8,439.34
4234,9.77,39.04,1023.73,76.06,483.87
1977,26.38,66.49,1013.89,43.06,442.38
3889,25.92,50.16,1003.95,71.3,440.98
182,11.69,35.76,1019.02,55.6,471.72
8017,30.12,69.68,1012.89,60.64,436.34
245,13.5,44.92,1023.87,87.17,468.85
9367,10.02,39.96,1024.88,96.85,473.22
6523,19.09,56.51,1015.58,92.56,449.24
576,10.48,41.38,1021.97,65.22,481.41
5157,22.26,60.37,1008.14,92.37,441.33
5324,32.84,77.95,1014.68,45.8,431.97
2168,30.28,79.74,1006.96,70.21,433.45
1173,16.61,43.77,1012.25,77.23,457.66
4575,23.42,63.07,1011.72,75.81,444.23
8181,10.32,42.28,1008.82,75.66,481.09
5348,31.68,68.24,1005.29,37.34,427.22
556,20.06,44.9,1008.79,70.06,448.51
5519,18.48,52.05,1012.41,68.2,458.62
2752,14.43,44.47,1028.57,70.7,466.56
1765,28.15,71.94,1006.73,68.21,427.69
2983,27.05,77.95,1009.57,76.56,434.09
5051,22.25,59.8,1016.79,69.02,451.64
888,23.5,50.78,1008.7,57.7,445.09
1621,28.36,60.23,1010.05,53.03,441.08
6815,23.92,73.17,1011.81,92.33,433.78
8989,9.12,41.54,1018.61,79.26,482.95
7464,32.82,68.31,1010.44,41.85,441.06
5605,23.57,64.15,1020.95,68.19,450.08
8452,14.56,41.76,1023.82,85.36,464.3
3899,13.69,40.1,1014.38,83.57,470.76
6340,11.83,44.6,1018.49,89.06,469.96
4459,24.4,41.1,1002.14,38.75,451.66
96,18.87,52.08,1005.25,99.19,449.61
1323,11.68,40.55,1017.31,99.82,473.51
1745,9.79,39.69,1002.36,93.86,471.61
7469,12.64,40.71,1024.2,65.21,476.37
8951,31.92,69.13,1000.77,58.91,425.19
2017,20.38,66.54,1013.95,77.8,448.93
8227,26.49,71.73,1010.07,74.48,431.06
8797,22.97,63.94,1010.5,88.47,440.81
3112,13.73,41.92,1031.01,64.92,466.29
7837,10.2,40.67,1016.15,73.2,482.26
7662,18.34,45.64,1019.05,82.53,460.58
6107,9.42,39.64,1010.86,74.03,478.05
8669,23.25,59.87,1018.69,66.4,444.23
5708,25.45,70.04,1011.2,82.48,430.2
6122,27.07,74.87,1010.09,58.97,440.47
8051,24.96,60.84,1018.13,59.51,442.36
8920,13.94,44.84,1023.69,95.3,468.06
7291,26.44,71.64,1004.55,85.53,435.61
3638,11.26,40.43,1025.68,74.67,489.66
333,22.69,65.12,1016.35,72.02,446.91
23,7.29,41.04,1024.06,89.19,474.71
2629,23.45,69.05,1003.03,66.41,440.24
8206,28.55,66.51,1015.46,34.04,432.59
4921,24.69,71.73,1010.13,70.54,436.78
9501,13.47,41.14,1026.09,82.96,463.67
0,8.34,40.77,1010.84,90.01,480.48
8343,8.26,40.96,1025.23,89.22,485.73
6956,11.52,40.03,1017.56,87.87,472.31
4792,27.23,49.16,1004.03,40.8,443.78
7774,10.68,37.92,1009.59,65.05,474.03
6943,23.64,71.25,1004.92,93.87,442.26
7607,18.55,41.1,1002.02,65.16,459.97
8696,8.48,42.49,1010.77,88.68,483.5
6142,22.01,49.39,1019.6,75.8,451.84
8505,26.65,66.48,1005.7,65.09,436.65
8481,14.81,44.88,1019.1,66.7,464.65
8678,20.08,54.42,1011.79,89.35,457.14
6425,22.17,65.61,1014.71,70.91,449.91
1062,22.23,46.93,1013.09,58.02,448.27
3415,27.21,68.12,1012.96,54.69,435.2
2549,30.88,69.51,1011.48,46.58,433.14
360,27.86,65.18,1012.87,55.53,436.26
8018,15.73,38.73,1002.48,76.91,466.63
2999,31.17,69.51,1010.51,43.11,428.94
170,24.79,50.78,1008.78,61.88,445.3
6452,14.44,40.1,1015.51,79.78,468.19
220,21.14,48.78,1020.39,86.2,450.35
4475,22.67,60.77,1017.56,79.43,444.43
6701,22.58,59.14,1017.2,80.91,439.78
3901,5.21,35.79,1011.5,95.08,484.03
1542,7.79,41.01,1024.0,97.2,477.0
5297,13.65,42.74,1026.58,71.48,468.87
8667,27.4,66.48,1004.71,51.5,439.66
2156,29.25,78.87,1012.05,84.28,430.49
7619,14.75,41.16,1009.58,86.96,468.14
8356,23.61,43.77,1011.81,56.08,444.55
6728,24.09,73.68,1014.93,94.55,441.34
3793,28.9,60.07,1015.96,45.06,440.62
6696,10.49,42.49,1009.81,78.92,478.75
2160,10.34,37.5,1010.35,95.56,474.08
1782,22.81,58.96,1013.5,55.66,452.89
7182,26.45,73.5,1010.31,74.33,433.44
1369,15.14,41.93,1020.95,61.26,469.68
8399,23.38,54.42,1013.95,73.02,451.87
538,29.53,72.39,998.47,76.05,431.69
5977,17.1,62.1,1020.39,93.63,453.4
4959,25.48,58.95,1017.02,51.16,440.42
8719,30.83,77.3,1001.7,57.85,435.87
2645,6.86,42.49,1007.95,93.96,486.14
1706,29.15,69.48,1008.68,55.78,430.54
4694,18.92,67.71,1008.19,64.53,446.77
2989,6.84,41.06,1021.04,89.59,489.96
4546,19.76,62.1,1020.07,73.55,450.44
7522,10.61,40.77,1022.09,83.62,471.26
8934,19.81,66.54,1013.88,80.09,449.07
1048,10.22,45.01,1018.27,93.62,474.32
8633,31.11,74.87,1009.11,54.86,434.3
4623,23.95,58.79,1010.45,74.34,448.32
7300,23.1,66.05,1020.28,80.62,439.03
8813,12.82,48.14,1017.47,81.45,467.48
7704,11.95,40.69,1015.62,85.34,475.4
2281,31.16,64.96,1001.71,44.85,425.82
6923,4.96,40.07,1011.8,67.38,494.75
4976,24.42,66.56,1002.04,84.7,434.18
8716,14.35,35.71,1016.1,60.86,468.9
7877,18.97,50.59,1016.01,74.9,459.68
2195,8.47,40.46,1019.87,78.19,475.06
6464,16.31,52.75,1024.4,55.69,456.58
2872,14.32,45.08,1023.24,84.53,467.21
260,31.4,71.06,1008.44,74.77,433.34
7919,10.64,39.61,1018.33,66.81,471.48
3300,11.74,40.71,1020.64,82.15,470.05
7593,7.41,39.16,1015.23,90.66,486.91
1206,17.99,43.72,1008.64,75.04,453.02
1207,29.29,70.36,1006.64,60.82,431.26
3096,18.81,52.08,1004.43,99.6,450.87
5719,9.52,39.61,1021.18,73.78,478.79
2537,28.47,67.69,1004.79,56.51,430.67
8956,20.61,48.78,1020.8,85.05,449.38
8981,8.99,36.3,1027.08,73.98,478.95
4434,20.13,43.43,1009.75,66.16,453.47
6134,18.5,51.43,1010.82,92.04,459.42
8224,24.34,59.54,1004.01,87.07,440.63
6835,22.89,48.98,1014.55,48.21,448.56
2455,30.34,75.08,1005.32,52.97,437.26
5306,23.59,43.77,1010.85,55.98,448.42
7712,9.39,39.66,1019.22,75.33,482.16
5888,21.31,49.39,1020.18,71.35,455.34
9409,31.24,74.22,1007.74,48.77,430.44
1897,12.83,44.88,1017.86,87.88,474.26
7123,8.95,43.56,1015.04,81.53,485.21
5390,18.0,43.7,1015.4,61.28,464.26
7651,6.54,39.33,1011.54,93.69,491.16
1205,22.97,72.24,1011.15,95.85,437.41
3572,19.6,59.21,1017.65,86.29,449.23
3928,12.41,37.92,1008.09,65.23,470.49
9281,11.75,42.32,1015.28,77.25,470.44
3094,16.02,44.21,1020.97,85.64,462.51
4718,13.35,41.44,1015.9,66.04,473.17
673,30.47,70.83,1010.91,46.94,444.39
7784,25.14,63.47,1012.58,70.27,443.93
5242,27.66,76.86,1001.31,69.47,436.64
3374,10.65,41.78,1013.66,70.04,474.27
4209,20.6,59.15,1013.32,91.07,443.76
334,11.91,44.45,1021.39,84.49,466.52
7384,13.62,40.2,1014.2,85.05,465.74
669,17.37,57.76,1016.0,86.59,456.4
225,20.66,41.54,1014.68,79.7,461.55
5068,27.35,69.48,1008.51,65.81,432.31
5000,13.66,40.55,1005.46,96.02,467.7
6869,30.12,73.18,1012.29,61.32,429.31
583,17.39,46.21,1013.94,82.73,454.06
29,27.17,67.45,1015.67,49.03,429.87
9437,30.91,76.2,1008.53,58.08,434.94
7021,20.6,44.58,1017.67,48.36,466.2
7238,22.75,57.76,1017.83,66.54,452.33
3481,26.31,52.09,1013.39,53.59,447.04
6093,13.18,37.91,1018.09,88.84,469.63
8446,14.01,43.34,1016.95,83.41,463.81
2200,9.41,39.61,1016.14,78.38,477.34
8389,27.14,65.27,1013.26,55.17,441.68
3200,20.7,58.16,1016.73,68.19,453.22
8135,23.66,69.51,1012.9,52.59,435.39
413,9.8,41.82,1032.98,67.55,473.72
6508,7.65,40.67,1020.14,72.37,491.1
2397,22.88,50.23,1016.11,63.77,458.08
5075,33.38,71.06,1008.1,64.83,430.98
4991,30.35,69.51,1009.95,39.24,430.07
2474,29.21,72.25,1012.72,71.85,434.64
63,33.4,70.8,1009.17,57.01,432.46
5151,31.19,68.3,1014.86,39.1,430.48
9387,12.74,49.83,1007.44,91.47,466.09
1490,6.69,43.65,1020.14,69.55,482.57
2832,17.98,39.63,1005.42,82.12,466.69
8441,22.88,59.21,1011.51,86.93,440.25
7529,24.7,58.46,1015.58,68.64,439.7
6647,4.65,35.19,1018.23,94.78,489.36
5355,28.21,70.8,1010.45,77.92,435.99
710,13.93,39.64,1011.8,82.64,470.84
9388,28.31,74.33,1011.89,69.77,428.46
555,21.34,51.61,1010.11,80.7,452.0
6076,23.78,58.86,1015.7,62.95,443.79
5383,27.91,64.79,1017.7,48.29,440.53
4327,18.75,41.1,1001.97,59.6,458.31
1633,30.56,71.98,1004.74,58.77,429.2
4171,13.98,40.24,1017.19,87.45,467.2
5388,26.68,62.91,1012.33,60.78,441.04
288,10.63,39.61,1020.0,72.42,476.99
154,9.99,43.52,1022.95,99.67,473.64
977,5.42,41.38,1020.77,86.02,491.38
3692,18.17,52.08,1001.91,100.09,451.06
7780,26.27,59.44,1012.23,58.77,443.67
4210,28.61,68.12,1012.23,46.45,435.28
9240,23.43,69.23,1013.09,63.48,441.6
8036,17.5,42.44,1012.55,76.85,466.78
802,22.46,58.33,1013.21,68.68,445.9
2491,16.58,45.87,1009.66,97.59,457.8
2734,30.68,71.25,999.98,68.99,433.47
7470,27.38,77.24,1008.25,82.49,435.81
9117,27.94,69.84,1003.11,70.47,428.67
5401,19.36,44.6,1016.25,45.65,464.56
1579,19.38,54.9,1017.08,70.46,454.1
8915,28.32,77.95,1014.61,77.17,436.97
6637,28.59,69.84,1003.79,67.31,427.53
2796,27.41,74.67,1016.57,80.16,429.21
2007,27.06,77.17,1008.71,90.6,432.2
1642,20.69,50.78,1008.71,91.95,447.58
7694,19.76,48.92,1010.48,46.57,456.69
1569,5.41,45.87,1008.47,97.51,479.48
8827,12.72,40.6,1013.45,86.16,471.23
2328,27.32,66.54,1004.95,72.58,431.33
266,10.22,41.74,1022.65,83.58,479.01
3097,31.26,76.09,1006.66,63.91,430.36
4012,15.52,58.59,1014.12,91.22,457.74
6936,25.02,60.29,1017.49,54.75,445.61
27,7.84,41.39,1018.21,91.92,485.66
1723,21.7,49.02,1008.74,82.8,446.46
7990,22.1,58.33,1013.71,69.09,441.31
623,27.65,48.41,1008.54,58.25,440.94
7562,19.09,42.44,1012.93,63.59,461.84
3424,18.15,41.23,993.82,61.21,456.32
2269,26.71,77.95,1012.13,77.5,433.47
5396,19.79,51.19,1008.77,94.72,447.96
4251,7.94,40.6,1015.3,92.14,486.33
8003,8.84,42.49,1010.28,89.09,481.58
6455,12.65,44.0,1023.03,88.73,471.46
9111,16.07,44.58,1019.52,67.95,471.36
2070,16.56,42.99,1007.48,74.45,464.62
3443,14.2,40.92,1022.26,71.71,460.42
2871,19.04,50.12,1010.53,100.09,446.59
1013,11.3,25.36,1008.66,96.18,471.19
5491,25.2,57.5,1015.19,59.62,446.26
6824,25.26,52.3,1006.65,64.64,442.76
3358,14.01,42.74,1029.16,68.31,466.15
3133,15.83,45.01,1013.39,81.9,460.22
4636,30.26,77.24,1008.39,74.25,430.51
9542,27.3,65.12,1016.24,44.87,442.78
2445,15.46,44.6,1017.7,68.2,459.62
7293,18.01,54.9,1017.04,77.82,455.91
2688,9.88,40.71,1015.34,84.32,471.8
6242,25.03,60.27,1017.9,72.04,438.24
4266,12.15,43.71,1025.78,93.69,472.59
5153,24.26,61.02,1009.78,76.68,442.86
1156,20.15,39.72,1001.85,59.32,456.87
9013,6.12,40.81,1014.77,88.15,487.24
8208,14.86,44.85,1016.19,67.43,468.87
6659,19.3,65.59,1014.07,81.98,452.76
7313,25.78,47.93,1003.67,67.23,442.46
4564,27.01,71.25,1000.46,87.95,431.38
5352,19.55,39.39,1013.55,57.82,464.36
2010,6.3,39.33,1010.63,94.26,489.95
4355,25.17,72.39,1001.69,90.51,432.45
3957,14.77,58.2,1018.78,83.83,460.54
7346,21.94,64.15,1021.2,61.75,453.3
6072,8.42,43.14,1011.62,80.32,483.49
3496,20.12,45.09,1013.73,57.78,448.35
5227,23.25,69.45,1013.85,70.14,437.18
2490,30.52,70.4,1003.9,64.33,438.29
610,26.5,66.05,1017.03,61.34,440.15
4901,30.36,69.04,1009.6,58.73,436.72
7820,22.67,62.52,1016.47,65.63,449.34
9156,27.36,48.6,1003.18,54.93,436.06
2202,21.16,45.38,1014.65,73.06,458.63
8891,12.11,38.28,1013.56,93.21,469.93
3796,17.85,45.64,1020.11,82.94,459.59
3930,7.63,40.56,1023.13,81.01,486.7
4880,23.32,69.13,1010.75,91.84,435.27
7110,15.9,39.99,1007.03,78.49,465.5
814,21.38,49.21,1012.49,53.77,449.66
4040,25.74,68.94,1007.7,67.56,433.45
5631,30.48,70.04,1010.73,53.7,429.85
9134,21.36,68.28,1007.6,72.37,445.91
4170,24.59,72.24,1011.42,81.5,433.31
791,29.79,62.66,1008.5,48.51,440.27
8691,27.58,73.06,1009.63,88.31,438.1
9016,27.08,63.78,1015.04,50.8,447.24
4096,30.8,73.17,1010.51,51.93,432.24
658,25.83,70.47,1006.24,81.83,434.45
1819,25.15,68.51,1013.25,72.31,440.96
6139,9.95,41.82,1033.09,69.44,477.52
9028,29.57,67.83,1009.19,55.74,427.62
8796,26.85,57.19,1007.9,60.04,438.01
3295,18.43,44.63,1019.76,39.99,458.75
7113,32.38,73.91,1004.05,61.69,430.17
2136,30.08,73.42,1011.17,63.86,434.95
2318,25.31,61.5,1009.31,63.31,437.03
7025,10.01,41.17,1018.78,86.84,479.4
17,11.49,44.63,1020.44,86.04,471.08
4851,9.0,40.78,1025.39,99.22,468.5
3412,28.88,63.76,1010.16,56.34,435.54
2097,26.85,75.6,1017.43,74.55,433.48
6404,26.35,49.5,1012.67,41.34,458.41
8247,28.41,75.6,1018.48,56.07,440.28
4836,25.39,58.79,1015.85,62.59,441.51
4454,5.43,39.9,1007.5,86.27,487.84
1671,10.52,41.48,1018.0,68.99,469.8
1453,27.24,69.13,1009.28,70.85,432.36
2632,16.94,49.64,1024.43,69.22,459.25
858,23.21,62.44,1011.78,76.66,442.47
6011,8.36,38.91,1016.27,88.82,482.09
6105,28.21,70.02,1010.58,51.34,442.47
2013,22.05,61.27,1019.6,58.83,447.95
6755,16.37,39.64,1009.19,76.92,463.91
5818,13.32,38.73,1005.37,88.48,472.33
7087,23.95,51.86,1014.24,68.28,449.81
536,26.42,59.54,1007.02,76.28,438.5
1748,20.68,42.04,1010.2,63.43,464.14
221,22.24,60.07,1015.93,62.25,446.14
8765,14.5,44.47,1028.2,66.95,465.15
6447,11.61,39.69,1006.85,83.69,470.78
580,12.76,40.27,1006.58,49.34,474.03
7857,19.77,54.42,1011.73,89.26,458.21
524,28.62,68.24,1010.15,69.31,428.08
2416,12.12,41.17,1017.68,78.72,470.67
2827,25.53,59.57,1010.65,82.04,445.59
3918,23.18,51.3,1012.04,78.64,448.86
737,14.07,42.99,1007.57,96.05,468.87
2096,22.55,70.79,1006.19,92.56,436.43
3465,30.02,73.5,1010.52,44.91,429.84
7588,24.14,41.1,1002.1,38.49,450.13
8640,23.0,63.78,1015.85,70.46,444.62
6639,30.7,69.59,1008.03,66.78,433.4
3413,14.49,42.86,1013.94,88.2,468.4
1301,9.08,36.18,1020.24,68.37,477.26
5189,16.76,43.77,1012.25,77.95,457.0
2530,9.08,42.49,1010.67,85.35,481.46
8572,23.42,73.17,1012.07,88.39,438.22
1023,12.2,39.72,1018.07,54.83,471.33
3904,25.6,71.73,1010.15,68.99,436.7
5250,21.7,70.32,1009.12,91.3,438.52
9494,25.14,60.93,1007.44,76.71,437.4
3051,12.49,38.25,1012.61,83.32,470.63
2152,32.77,72.86,1003.6,52.87,433.84
4634,21.05,61.87,1009.69,62.81,449.05
5948,7.06,41.74,1021.95,90.38,448.97
1752,11.49,41.54,1020.17,70.91,476.74
2677,17.54,58.49,1012.35,91.56,453.02
788,25.36,60.07,1015.06,66.11,439.73
6265,29.59,74.78,1009.45,55.75,436.77
3229,14.87,41.76,1022.26,78.21,464.84
5370,10.95,39.22,1015.69,62.3,474.07
4707,22.79,44.57,1007.31,69.36,448.91
1975,10.62,39.96,1025.37,96.64,470.8
9177,19.19,50.16,1011.12,99.91,449.52
9473,7.57,37.49,1009.73,83.07,481.98
3182,28.18,67.17,1006.84,75.55,438.49
1546,20.46,51.43,1007.31,93.25,444.88
3639,7.62,44.71,1020.56,69.96,486.07
1208,15.28,43.71,1024.32,81.24,463.44
1324,23.54,65.27,1013.78,64.28,445.19
1836,34.24,74.67,1016.24,25.56,425.58
3964,10.74,44.85,1014.25,71.61,476.83
8401,7.31,43.02,1014.19,86.43,484.82
1472,10.86,37.5,1013.36,75.56,473.75
8092,12.25,41.38,1021.81,59.0,474.77
7073,20.91,58.2,1018.1,62.8,446.19
2218,8.99,36.66,1028.11,71.98,481.03
4793,11.17,40.27,1009.54,74.56,476.18
6752,23.66,60.37,1006.91,87.13,438.59
4047,24.86,65.34,1012.99,60.33,447.25
1398,21.11,41.67,1012.44,52.86,460.33
106,30.31,77.24,1008.02,67.84,435.28
5516,15.22,50.88,1014.19,100.12,460.44
3040,21.29,59.04,1012.49,84.23,445.37
351,18.91,56.9,1006.98,84.07,448.24
4438,23.31,60.37,1005.17,82.75,438.52
8464,22.84,59.39,1014.61,80.36,443.71
3516,23.06,63.9,1013.54,65.28,447.36
4968,26.16,63.76,1010.03,68.77,437.24
209,9.86,38.38,1018.22,85.35,479.56
1322,11.08,38.16,1014.45,74.99,473.32
885,11.46,44.85,1014.3,63.24,475.33
5131,13.83,43.22,1010.62,70.8,464.39
3680,26.88,74.78,1010.42,64.81,440.84
8011,15.84,52.72,1026.45,62.57,464.93
8362,28.29,68.08,1010.77,53.92,430.93
7795,8.33,39.72,1020.24,82.84,479.12
4415,25.47,59.92,1010.08,77.18,439.84
6150,22.77,69.84,1005.75,84.26,436.75
3522,26.09,70.4,1007.41,85.37,432.52
1035,24.54,48.06,1013.02,55.18,443.67
7034,31.04,74.67,1015.85,43.32,435.17
3339,27.06,72.58,1009.24,90.31,429.18
7263,8.88,36.3,1015.27,56.96,478.7
3350,7.74,42.49,1009.07,90.11,481.69
3193,12.99,40.55,1007.52,94.15,472.18
1796,13.44,42.34,1018.0,96.65,459.6
8608,11.67,44.6,1018.09,92.53,467.96
6365,31.53,70.36,1006.29,57.11,438.71
3748,28.7,49.16,1004.42,36.51,439.45
700,15.67,41.1,1004.1,77.93,466.45
1391,29.29,73.18,1012.4,66.65,430.31
636,15.87,39.31,1009.95,66.78,460.59
3591,9.27,40.22,1008.1,89.24,481.23
5426,9.43,41.4,1028.03,84.98,474.16
6928,24.94,62.96,1019.76,58.44,443.48
7487,12.24,41.2,1012.48,89.85,473.22
5386,13.29,71.14,1019.63,75.09,464.18
2037,7.54,37.7,1014.58,78.43,481.56
5163,12.21,44.34,1017.98,86.17,475.06
9086,10.06,42.02,999.37,98.65,477.82
5359,10.2,41.17,1019.56,82.46,479.7
8563,14.09,43.99,1021.02,94.39,468.09
3968,24.73,65.34,1015.42,52.8,446.92
703,26.91,70.47,1007.55,72.59,434.24
3264,20.74,58.12,1015.43,77.88,449.91
6838,14.24,41.16,1010.16,87.0,471.0
5289,10.06,39.61,1020.69,69.49,478.35
5572,24.96,74.99,1008.25,80.52,440.91
3536,18.6,60.1,1009.91,87.13,453.94
3782,32.16,71.32,1005.5,60.23,434.01
9534,23.62,45.87,1007.75,58.69,445.55
9410,12.79,41.62,1010.52,81.83,466.91
6156,21.78,51.43,1007.45,88.71,446.56
6977,19.45,38.52,1017.99,62.86,451.96
3124,23.47,51.3,1011.89,74.1,448.65
6622,12.38,48.04,1012.78,100.13,465.99
8489,15.4,41.16,1005.34,80.22,465.16
8560,28.24,64.69,1007.35,61.14,438.03
5793,12.72,44.9,1007.6,71.8,463.49
4346,12.99,44.0,1025.22,90.27,470.93
1667,10.39,40.22,1004.95,91.65,476.49
137,8.66,41.01,1022.51,98.55,472.16
5552,26.72,67.79,1010.35,63.31,444.68
7410,27.53,67.83,1009.4,53.73,429.05
8825,31.1,69.51,1010.84,45.4,429.74
448,21.05,63.09,1016.49,91.23,447.45
804,24.62,68.31,1010.45,75.18,448.58
247,18.11,58.95,1016.61,89.17,454.29
8200,28.32,47.93,1003.26,54.5,439.5
5551,10.45,39.69,1003.92,89.45,472.54
1122,22.09,65.59,1015.54,72.44,447.28
2860,16.7,36.99,1006.19,89.33,464.7
7029,24.37,63.47,1012.77,75.22,445.6
4212,27.36,66.54,1011.31,45.3,436.69
9211,13.27,40.27,1006.1,40.04,473.88
2126,23.63,63.57,1011.05,87.96,449.01
1938,15.38,43.99,1022.42,83.41,462.48
7419,14.17,39.59,1010.99,94.08,464.17
6040,23.64,69.94,1005.2,64.53,439.66
3190,16.65,46.18,1010.6,95.69,465.6
2995,6.93,43.13,1018.61,88.31,486.94
7389,26.05,65.59,1012.78,67.03,437.04
1250,19.1,56.53,1020.18,76.38,455.52
7807,21.04,69.48,1011.07,89.92,439.53
5794,24.44,73.5,1011.49,87.39,437.73
768,24.03,66.54,1012.19,69.15,438.08
169,17.28,44.06,1018.15,66.93,462.05
615,23.59,59.43,1009.96,65.8,440.61
6543,31.74,72.58,1007.26,59.58,425.12
3699,20.35,56.53,1020.23,70.05,456.04
1342,7.0,39.81,1017.47,87.65,484.51
5702,15.5,44.92,1024.16,86.44,462.12
173,17.32,43.7,1015.13,61.66,464.5
6684,19.31,43.56,1013.65,41.54,463.35
5751,18.62,59.15,1012.85,82.54,450.81
1282,21.29,47.45,1008.85,71.6,447.78
7365,23.39,69.13,1010.99,90.66,434.5
9487,27.19,64.27,1013.06,58.13,444.54
5209,14.24,39.99,1009.3,83.75,466.2
8199,4.78,42.85,1013.07,94.72,479.09
7424,15.4,38.73,1000.67,79.71,469.18
6301,9.13,39.04,1022.36,74.6,483.24
1376,10.17,40.1,1014.05,91.9,479.58
9497,31.46,70.79,1003.54,59.51,425.68
263,26.1,62.91,1012.44,60.91,446.05
5494,14.24,39.58,1011.17,70.45,469.94
8894,13.57,41.4,1021.27,72.55,464.23
1616,20.58,49.15,1021.42,56.15,453.87
9315,10.99,43.5,1021.1,93.64,469.34
6879,21.39,51.3,1013.39,89.05,452.7
5886,16.96,63.31,1016.42,77.09,454.14
2436,30.95,71.58,1009.95,50.02,430.47
7136,11.16,40.96,1023.49,83.7,478.3
6218,14.04,40.83,1008.98,82.04,469.75
5704,28.38,72.39,998.93,73.85,432.02
5570,10.03,42.02,998.6,99.9,471.07
7314,13.18,40.73,1017.62,94.4,465.96
4747,25.99,63.07,1012.5,64.81,442.16
2687,22.89,65.34,1015.53,61.0,450.53
6116,21.7,64.69,1007.93,78.37,448.76
3624,23.66,67.17,1007.24,87.56,443.43
7405,19.73,49.69,1007.78,73.02,454.28
8105,16.38,47.45,1010.08,88.86,450.69
1701,23.59,58.62,1017.81,66.68,448.09
6669,25.87,59.43,1008.34,65.83,440.26
1983,19.32,52.84,1004.29,83.51,450.88
2863,6.26,41.31,1002.04,87.54,485.57
4244,18.11,43.43,1008.65,73.3,451.38
7480,18.55,61.87,1008.45,65.3,450.73
1284,11.06,41.5,1013.09,89.8,476.24
2934,12.51,43.67,1013.24,91.55,471.96
2502,24.4,71.14,1009.7,59.26,436.68
8621,16.13,43.48,1014.41,50.05,459.47
8335,17.95,49.21,1012.05,59.44,455.1
5979,28.14,51.43,1012.16,52.67,445.33
8737,7.26,40.69,1020.43,90.22,474.91
2809,18.6,58.71,1009.8,86.42,430.38
9543,13.51,39.31,1012.18,75.19,466.46
9069,29.3,69.48,1010.1,53.69,429.42
1366,30.51,59.57,1011.08,61.94,436.92
9221,12.05,48.04,1009.14,100.13,464.14
3180,17.27,44.9,1007.85,78.8,454.19
2579,17.1,48.98,1016.48,85.63,454.43
5478,30.7,71.58,1010.0,48.96,429.27
9454,8.74,40.03,1016.81,93.37,481.07
2225,13.77,43.13,1016.63,62.13,468.45
2979,7.32,39.42,1026.15,76.51,476.12
8022,13.04,40.69,1015.96,82.37,473.49
1777,14.34,42.86,1031.75,66.81,466.17
7559,30.97,69.13,1009.78,58.92,435.6
8619,23.08,74.78,1009.85,83.67,437.86
6989,29.35,54.2,1013.07,42.45,439.47
229,9.38,40.46,1019.29,75.77,474.1
4400,22.63,58.96,1013.62,56.67,451.41
6766,22.49,61.47,1009.14,90.23,437.01
4715,21.5,50.32,1008.65,81.68,442.71
3262,15.45,46.63,1012.6,85.47,464.37
8574,25.53,62.96,1019.81,59.7,444.38
9431,22.46,48.41,1008.66,80.85,442.57
9330,25.75,71.14,1008.33,77.12,433.64
4579,12.56,41.4,1019.23,74.26,472.54
8926,23.01,44.05,1006.56,74.95,450.67
8240,24.34,62.96,1019.7,61.44,446.09
2890,17.4,63.09,1020.84,92.58,453.0
1152,22.36,64.15,1021.05,68.43,453.94
7175,21.83,62.91,1011.07,91.34,443.76
9287,20.58,54.5,1015.04,89.83,467.76
4626,27.63,71.98,1005.45,82.88,426.0
4934,8.16,39.72,1020.54,82.11,480.21
2439,28.52,57.82,1004.81,57.82,435.4
20,14.9,52.05,1015.11,77.33,464.82
8952,15.43,38.58,1016.58,81.17,463.44
9525,31.26,68.94,1005.94,39.49,438.03
9449,16.27,56.89,1013.74,84.36,454.88
8623,12.74,41.38,1021.92,56.67,475.63
3164,14.13,43.7,1015.94,80.89,469.28
374,24.02,64.63,1020.49,55.17,449.66
5611,9.15,44.03,1012.45,81.67,474.26
1484,22.73,66.75,1018.13,84.06,437.93
4231,18.77,49.21,1012.2,58.69,454.86
3689,14.81,42.77,1017.83,75.09,463.06
5833,13.82,44.84,1023.72,95.24,467.95
4577,23.99,58.62,1016.91,66.36,449.4
4011,25.88,63.73,1009.48,77.17,438.42
283,14.26,40.92,1022.07,73.96,460.38
6410,29.17,72.99,1006.86,64.92,430.59
8795,27.24,68.08,1013.23,51.96,445.25
5988,30.56,69.14,1007.49,71.0,432.26
936,7.71,40.71,1021.53,95.48,471.38
6575,27.56,66.93,1016.81,55.59,444.1
7388,9.52,41.26,1020.55,89.73,475.44
3446,19.53,50.32,1009.71,94.46,449.59
6629,19.92,38.52,1018.15,60.68,451.16
1249,11.77,40.92,1021.85,81.55,467.31
8830,11.31,42.02,1001.18,94.86,471.26
6841,29.72,74.78,1009.32,55.25,438.19
504,7.8,39.04,1018.46,66.5,482.31
6547,11.1,40.0,1021.29,86.58,477.2
2885,16.73,37.2,1012.94,74.04,463.89
8289,20.57,60.1,1011.16,83.45,451.88
9205,18.31,50.9,1011.87,86.83,455.5
8821,29.32,71.29,1008.34,51.51,432.17
3931,10.74,52.75,1021.75,75.41,467.48
3079,32.38,77.24,1007.7,61.15,430.96
5444,19.8,57.25,1010.84,88.9,451.75
6552,13.58,40.75,1016.05,76.45,472.73
4247,26.45,54.5,1014.96,65.55,450.76
8394,20.16,60.1,1011.24,86.23,453.36
2839,14.96,39.31,1010.52,71.28,461.97
691,6.04,41.14,1027.92,87.12,481.37
4855,26.13,48.06,1013.5,47.67,440.99
4098,23.36,73.18,1011.96,89.15,435.85
7927,25.06,65.46,1014.37,38.82,443.03
5192,20.32,44.6,1015.16,36.35,460.21
1909,14.4,40.2,1013.04,90.5,464.5
1811,27.18,71.06,1008.16,86.32,430.66
6801,17.95,59.15,1012.73,84.27,449.14
2892,29.01,68.08,1010.74,52.51,427.91
8558,9.27,38.56,1017.69,62.49,475.42
2164,28.11,77.95,1009.38,72.81,432.98
935,29.23,69.59,1009.0,71.41,437.95
8630,9.56,41.55,1002.67,70.27,481.24
1648,11.2,41.38,1021.65,61.89,476.87
2495,17.89,44.78,1010.03,53.78,457.74
5139,24.85,71.98,1005.97,95.09,433.64
6339,27.19,71.58,1010.85,76.1,436.77
176,12.28,40.55,1005.72,98.56,472.47
6970,31.11,71.8,1010.81,56.08,437.2
4398,12.79,44.03,1007.46,95.93,464.35
9199,14.85,40.69,1014.91,72.64,469.3
4507,8.25,37.49,1009.02,81.09,480.38
1436,14.22,45.08,1023.26,84.41,466.47
4979,28.79,68.51,1013.02,62.84,432.51
6077,30.24,66.75,1017.95,55.66,435.02
498,29.08,66.54,1004.67,64.5,430.16
7167,25.56,69.13,1002.46,68.26,434.48
1662,19.08,58.59,1013.42,68.88,451.05
6287,8.43,40.69,1020.36,87.28,484.94
7816,15.79,58.86,1015.85,91.91,455.15
7286,26.54,71.98,1005.8,91.16,431.78
7732,19.46,47.03,1013.9,88.86,460.57
305,20.07,49.21,1012.34,56.8,454.25
3747,15.78,41.48,1015.55,52.17,454.25
8041,8.53,40.02,1031.27,85.57,476.73
2255,22.7,59.92,1011.05,90.84,436.7
6053,14.29,39.59,1010.93,94.53,463.04
6560,24.27,63.87,1018.88,53.96,420.26
5638,15.15,37.64,1014.37,89.82,463.98
4263,31.35,68.67,1005.26,66.85,433.73
6847,14.26,42.32,1016.0,77.43,463.71
6481,23.27,64.69,1006.84,70.53,438.08
6888,21.95,57.76,1018.02,67.72,452.27
4791,14.8,44.92,1024.06,91.67,464.01
7172,19.76,51.19,1008.38,92.56,448.71
5575,30.28,70.98,1007.51,74.28,432.64
8499,29.26,67.17,1006.6,70.58,436.42
3149,22.36,51.43,1007.47,87.33,442.53
828,26.93,67.07,1005.65,60.26,437.76
8556,14.72,40.83,1009.65,80.98,469.8
8382,6.87,39.85,1012.66,83.34,486.26
3675,10.3,41.46,1018.21,86.17,479.65
5235,32.86,68.51,1008.43,46.78,432.38
1731,14.16,44.58,1020.75,77.42,473.22
5805,15.11,45.01,1017.01,84.39,462.21
8985,23.61,49.16,1002.39,65.63,443.5
1743,23.6,57.17,1009.84,74.27,446.05
6907,9.06,40.02,1031.16,82.04,478.01
3355,13.92,43.41,1015.12,61.64,464.76
9163,25.21,65.34,1013.94,65.04,446.68
4568,22.99,46.21,1010.71,60.11,444.36
1742,30.67,71.29,1008.36,52.08,430.28
9365,25.1,43.77,1010.9,49.68,444.99
3551,24.54,66.49,1011.1,69.14,437.38
6430,22.79,69.13,1010.87,91.47,438.08
9251,24.44,59.14,1016.74,71.82,443.5
8326,22.76,58.96,1013.85,55.95,454.05
5744,14.58,41.92,1030.42,61.96,462.69
8843,22.71,48.06,1012.82,67.81,445.1
1229,12.6,40.35,1011.89,80.88,475.42
2117,30.26,72.58,1007.0,65.51,425.71
6927,28.18,73.03,1014.18,67.72,439.74
4788,21.02,61.5,1008.52,77.74,448.08
628,19.21,60.07,1014.94,70.02,452.84
4719,6.72,38.91,1016.89,90.47,485.89
129,28.53,69.84,1004.46,68.03,427.72
8868,7.52,39.61,1018.61,78.96,481.54
7251,10.45,39.61,1020.23,73.39,477.41
7223,20.76,57.25,1011.01,90.31,444.85
2618,29.22,73.18,1012.22,64.91,430.57
7926,11.7,43.41,1016.08,62.27,467.51
9475,8.9,36.24,1013.29,89.35,479.03
5290,5.01,39.4,1003.69,91.9,475.34
6148,22.39,59.04,1011.78,86.39,445.52
4378,18.63,61.27,1019.69,73.67,454.03
1993,37.11,68.94,1006.23,31.15,429.25
3364,15.63,37.87,1020.4,74.77,465.28
6283,21.97,58.12,1015.29,77.47,449.6
5328,22.52,64.27,1014.34,82.77,445.4
7141,32.67,77.95,1014.62,50.73,432.32
7015,21.78,68.28,1001.0,79.3,443.24
4749,25.06,62.39,1008.09,82.56,438.31
4835,12.58,43.67,1012.86,94.01,472.65
776,19.82,58.16,1016.76,74.66,455.5
1575,11.42,40.43,1025.5,75.85,490.02
4024,11.31,39.61,1018.74,68.9,471.92
5951,20.37,52.05,1012.34,62.57,456.11
7821,15.25,46.36,1019.69,95.83,461.68
1994,33.43,69.88,1006.86,44.84,435.59
7049,19.23,45.01,1012.24,72.91,450.77
3406,17.92,44.2,1018.97,53.8,455.37
7063,16.37,39.99,1007.05,80.61,464.69
2817,14.87,42.18,1015.23,74.41,465.89
728,21.32,45.01,1012.23,59.94,452.75
6384,20.86,63.73,1008.54,96.83,440.42
9241,30.66,66.25,1007.67,63.03,439.55
9296,18.37,44.89,1010.61,86.74,454.37
2512,15.92,44.85,1015.84,59.99,467.41
2054,9.3,38.18,1017.19,71.51,480.14
983,32.21,71.85,1008.25,58.09,429.15
7954,26.96,73.68,1013.81,84.77,429.48
4053,9.43,43.69,1017.28,91.8,478.48
2706,16.74,38.01,1022.63,69.19,463.61
1990,24.34,73.5,1011.31,84.15,440.29
6839,9.58,38.08,1019.49,67.54,478.5
7488,12.1,41.58,1014.41,90.22,462.28
2143,24.62,72.24,1011.39,83.94,432.13
7111,12.38,45.51,1016.15,81.37,470.46
4161,8.65,40.56,1023.23,78.85,485.87
7799,13.7,42.86,1030.68,79.77,470.28
570,30.91,69.75,1010.23,59.36,435.7
5403,16.73,45.0,1023.44,60.68,467.08
2881,15.78,48.6,1007.24,84.23,460.86
7484,6.18,41.55,1001.58,98.79,484.87
4466,19.8,58.79,1017.04,87.71,449.66
7298,14.54,42.99,1009.27,90.88,468.93
1475,28.69,67.79,1011.01,66.4,439.87
1180,18.24,59.15,1012.0,84.4,449.48
5803,23.56,67.79,1010.14,89.72,441.29
960,30.73,69.89,1015.0,58.9,426.79
8905,20.03,69.45,1013.47,86.66,441.54
8842,27.97,66.17,1010.81,63.73,441.7
4380,28.64,66.54,1010.43,43.39,437.97
6237,25.72,66.86,1007.47,69.14,439.97
5468,27.9,63.13,1011.8,70.04,439.76
1209,14.16,40.89,1010.78,82.86,471.15
2712,21.84,60.29,1017.23,66.89,454.4
1902,11.92,40.62,1016.66,55.25,468.14
