,age,sex,bmi,children,smoker,region,charges
1072,21,male,31.255,0,no,northwest,1909.52745
1113,28,female,26.315,3,no,northwest,5312.16985
1205,35,male,17.86,1,no,northwest,5116.5004
613,34,female,19.0,3,no,northeast,6753.0380000000005
124,47,female,33.915,3,no,northwest,10115.00885
358,23,male,41.91,0,no,southeast,1837.2819
665,43,male,38.06,2,yes,southeast,42560.4304
246,60,female,38.06,0,no,southeast,12648.7034
238,19,male,29.07,0,yes,northwest,17352.6803
732,24,female,30.1,3,no,southwest,4234.927
1142,52,female,24.86,0,no,southeast,27117.99378
346,33,male,35.75,2,no,southeast,4889.9995
258,51,male,24.415,4,no,northwest,11520.09985
783,50,female,27.6,1,yes,southwest,24520.264
171,49,male,30.3,0,no,southwest,8116.68
383,35,female,43.34,2,no,southeast,5846.9176
353,33,male,35.245,0,no,northeast,12404.8791
243,40,male,35.3,3,no,southwest,7196.866999999999
314,27,female,31.4,0,yes,southwest,34838.873
666,49,male,28.7,1,no,southwest,8703.456
25,59,female,27.72,3,no,southeast,14001.1338
1109,45,male,20.35,3,no,southeast,8605.3615
728,18,female,40.28,0,no,northeast,2217.6012
368,44,male,32.015,2,no,northwest,8116.26885
255,55,female,25.365,3,no,northeast,13047.33235
840,21,male,31.1,0,no,southwest,1526.3120000000001
9,60,female,25.84,0,no,northwest,28923.136919999997
250,18,male,17.29,2,yes,northeast,12829.4551
1100,33,female,19.095,2,yes,northeast,16776.30405
1183,48,female,27.36,1,no,northeast,9447.3824
650,49,female,42.68,2,no,southeast,9800.8882
592,20,male,31.13,2,no,southeast,2566.4707
223,19,male,34.8,0,yes,southwest,34779.615
555,28,male,23.8,2,no,southwest,3847.6740000000004
714,24,female,22.6,0,no,southwest,2457.502
371,57,female,22.23,0,no,northeast,12029.2867
447,56,female,25.65,0,no,northwest,11454.0215
144,30,male,28.69,3,yes,northwest,20745.9891
460,49,female,36.63,3,no,southeast,10381.4787
821,26,male,17.67,0,no,northwest,2680.9493
817,23,male,37.1,3,no,southwest,3597.5959999999995
269,49,male,25.84,1,no,northeast,9282.4806
941,50,female,46.09,1,no,southeast,9549.5651
1225,33,female,39.82,1,no,southeast,4795.6568
872,42,male,24.86,0,no,southeast,5966.8874
1258,55,male,37.715,3,no,northwest,30063.58055
869,25,female,24.3,3,no,southwest,4391.652
1069,54,female,31.9,1,no,southeast,10928.848999999998
192,25,male,25.74,0,no,southeast,2137.6536
1193,48,female,36.575,0,no,northwest,8671.19125
288,59,female,36.765,1,yes,northeast,47896.79135
477,25,male,35.625,0,no,northwest,2534.39375
1058,24,female,39.49,0,no,southeast,2480.9791
1323,42,female,40.37,2,yes,southeast,43896.3763
159,50,female,27.83,3,no,southeast,19749.383380000003
1036,22,male,37.07,2,yes,southeast,37484.4493
359,18,female,20.79,0,no,southeast,1607.5101
379,62,male,31.46,1,no,southeast,27000.98473
427,18,female,29.165,0,no,northeast,7323.734818999999
692,20,male,32.395,1,no,northwest,2362.22905
424,48,male,30.2,2,no,southwest,8968.33
1064,29,female,25.6,4,no,southwest,5708.866999999999
1248,18,female,39.82,0,no,southeast,1633.9618
1301,62,male,30.875,3,yes,northwest,46718.16325
1329,52,male,38.6,2,no,southwest,10325.206
999,36,female,26.885,0,no,northwest,5267.81815
302,56,female,37.51,2,no,southeast,12265.5069
979,36,female,29.92,0,no,southeast,4889.0368
809,25,male,25.84,1,no,northeast,3309.7926
1026,19,male,26.03,1,yes,northwest,16450.8947
1335,18,female,36.85,0,no,southeast,1629.8335
1018,54,female,35.815,3,no,northwest,12495.29085
256,56,male,33.63,0,yes,northwest,43921.1837
989,24,female,20.52,0,yes,northeast,14571.8908
1312,34,male,42.9,1,no,southwest,4536.259
1181,24,female,29.925,0,no,northwest,2850.68375
889,57,male,33.63,1,no,northwest,11945.1327
1051,64,male,26.41,0,no,northeast,14394.5579
663,18,male,33.66,0,no,southeast,1136.3994
799,33,male,24.795,0,yes,northeast,17904.52705
914,33,male,24.605,2,no,northwest,5257.50795
881,23,male,27.36,1,no,northwest,2789.0574
687,40,male,41.69,0,no,southeast,5438.7491
513,19,male,30.4,0,no,southwest,1256.299
766,47,male,32.3,1,no,southwest,8062.764
996,39,female,34.1,3,no,southwest,7418.522
1117,25,male,33.33,2,yes,southeast,36124.5737
168,19,female,31.825,1,no,northwest,2719.27975
1186,20,male,35.625,3,yes,northwest,37465.34375
1197,41,male,33.55,0,no,southeast,5699.8375
474,54,male,25.1,3,yes,southwest,25382.297000000002
331,52,male,27.36,0,yes,northwest,24393.6224
316,50,male,32.205,0,no,northwest,8835.26495
41,31,female,36.63,2,no,southeast,4949.7587
533,37,male,36.19,0,no,southeast,19214.705530000003
1057,45,female,31.79,0,no,southeast,17929.303369999998
1033,18,male,21.565,0,yes,northeast,13747.87235
880,22,male,34.8,3,no,southwest,3443.0640000000003
552,62,male,21.4,0,no,southwest,12957.118
967,44,male,25.365,1,no,northwest,7518.02535
455,59,male,37.4,0,no,southwest,21797.0004
1088,52,male,47.74,1,no,southeast,9748.9106
1277,32,female,29.735,0,no,northwest,4357.04365
836,36,male,31.5,0,no,southwest,4402.233
81,45,female,38.285,0,no,northeast,7935.29115
958,43,male,34.96,1,yes,northeast,41034.2214
684,33,female,18.5,1,no,southwest,4766.022
1005,29,male,31.73,2,no,northwest,4433.3877
1087,57,male,31.54,0,no,northwest,11353.2276
1004,47,male,19.19,1,no,northeast,8627.5411
1019,21,female,32.68,2,no,northwest,26018.95052
274,25,male,27.55,0,no,northwest,2523.1695
698,56,male,33.725,0,no,northwest,10976.24575
227,58,female,41.91,0,no,southeast,24227.33724
676,55,female,40.81,3,no,southeast,12485.8009
1319,39,female,26.315,2,no,northwest,7201.70085
563,50,male,44.77,1,no,southeast,9058.7303
481,49,male,37.51,2,no,southeast,9304.7019
260,58,female,25.2,0,no,southwest,11837.16
419,63,female,26.98,0,yes,northwest,28950.4692
1050,44,female,36.955,1,no,northwest,8023.13545
536,33,female,38.9,3,no,southwest,5972.378000000001
380,27,female,17.955,2,yes,northeast,15006.57945
689,27,male,31.13,1,yes,southeast,34806.4677
897,19,male,25.555,1,no,northwest,2221.56445
370,61,female,21.09,0,no,northwest,13415.0381
882,21,female,22.135,0,no,northeast,2585.85065
140,34,male,22.42,2,no,northeast,27375.90478
187,30,female,30.9,3,no,southwest,5325.651
505,37,male,30.875,3,no,northwest,6796.86325
600,18,female,39.16,0,no,southeast,1633.0444
865,40,male,29.9,2,no,southwest,6600.361
268,45,male,30.2,1,no,southwest,7441.053000000001
1331,23,female,33.4,0,no,southwest,10795.937329999999
1131,27,male,45.9,2,no,southwest,3693.428
788,29,male,22.515,3,no,northeast,5209.57885
200,19,female,32.11,0,no,northwest,2130.6759
411,44,female,20.235,1,yes,northeast,19594.80965
414,19,female,35.15,0,no,northwest,2134.9015
994,27,female,20.045,3,yes,northwest,16420.49455
395,46,male,19.855,0,no,northwest,7526.70645
1010,48,female,22.8,0,no,southwest,8269.044
535,38,male,28.025,1,no,northeast,6067.12675
978,45,female,39.995,3,no,northeast,9704.66805
69,28,male,23.98,3,yes,southeast,17663.1442
357,47,male,29.83,3,no,northwest,9620.3307
267,59,female,32.395,3,no,northeast,14590.63205
1177,40,female,27.4,1,no,southwest,6496.8859999999995
361,35,male,30.5,1,no,southwest,4751.07
252,54,male,34.21,2,yes,southeast,44260.7499
753,58,female,22.77,0,no,southeast,11833.7823
498,44,female,23.98,2,no,southeast,8211.1002
13,56,female,39.82,0,no,southeast,11090.7178
1309,41,male,32.2,2,no,southwest,6875.960999999999
911,18,male,31.73,0,yes,northeast,33732.6867
661,57,female,23.98,1,no,southeast,22192.43711
32,19,female,28.6,5,no,southwest,4687.7970000000005
1037,45,female,30.495,1,yes,northwest,39725.51805
984,20,male,30.115,5,no,northeast,4915.05985
1214,27,female,31.255,1,no,northwest,3956.07145
436,22,male,31.73,0,no,northeast,2254.7967
76,29,female,29.59,1,no,southeast,3947.4131
44,38,male,37.05,1,no,northeast,6079.6715
484,48,male,34.3,3,no,southwest,9563.029
1157,23,female,23.18,2,no,northwest,14426.07385
150,35,male,24.13,1,no,northwest,5125.2157
1252,20,male,27.3,0,yes,southwest,16232.847
1029,37,female,17.29,2,no,northeast,6877.9801
466,60,female,28.7,1,no,southwest,13224.693000000001
1003,48,male,29.6,0,no,southwest,21232.182259999998
1081,32,male,27.835,1,no,northwest,4454.40265
33,63,male,28.31,0,no,northwest,13770.0979
712,43,female,30.685,2,no,northwest,8310.83915
1209,59,male,37.1,1,no,southwest,12347.171999999999
115,60,male,28.595,0,no,northeast,30259.995560000003
1013,48,male,32.3,1,no,northwest,8765.249
571,18,female,37.29,1,no,southeast,2219.4451
735,49,female,34.77,1,no,northwest,9583.8933
733,48,female,27.265,1,no,northeast,9447.25035
811,33,female,42.94,3,no,northwest,6360.9936
742,53,male,34.105,0,yes,northeast,43254.41795
1173,38,male,29.26,2,no,northwest,6457.8434
496,31,female,23.6,2,no,southwest,4931.647
49,36,male,35.2,1,yes,southeast,38709.176
878,41,male,28.8,1,no,southwest,6282.235
617,49,male,25.6,2,yes,southwest,23306.547000000002
1074,60,female,18.335,0,no,northeast,13204.28565
294,25,male,26.8,3,no,southwest,3906.127
72,53,female,28.1,3,no,southwest,11741.726
204,46,male,22.3,0,no,southwest,7147.105
7,37,female,27.74,3,no,northwest,7281.5056
867,57,male,43.7,1,no,southwest,11576.13
1254,34,female,27.72,0,no,southeast,4415.1588
146,46,male,30.495,3,yes,northwest,40720.55105
70,27,female,24.75,0,yes,southeast,16577.7795
488,44,female,38.06,0,yes,southeast,48885.135610000005
719,58,female,33.44,0,no,northwest,12231.6136
272,41,male,37.05,2,no,northwest,7265.7025
1245,28,male,24.3,5,no,southwest,5615.369000000001
65,19,female,28.9,0,no,southwest,1743.214
1000,30,male,22.99,2,yes,northwest,17361.7661
1175,22,female,27.1,0,no,southwest,2154.361
251,63,female,32.2,2,yes,southwest,47305.305
969,39,female,34.32,5,no,southeast,8596.8278
1031,55,female,35.2,0,yes,southeast,44423.803
936,44,male,29.735,2,no,northeast,32108.662819999998
217,27,male,23.1,0,no,southeast,2483.736
84,37,female,34.8,2,yes,southwest,39836.519
903,49,male,36.85,0,no,southeast,8125.7845
1233,58,male,23.3,0,no,southwest,11345.518999999998
116,58,male,49.06,0,no,southeast,11381.3254
597,34,female,33.25,1,no,northeast,5594.8455
895,61,female,44.0,0,no,southwest,13063.883
362,19,female,21.7,0,yes,southwest,13844.506000000001
1284,61,male,36.3,1,yes,southwest,47403.88
1267,24,male,31.065,0,yes,northeast,34254.05335
18,56,male,40.3,0,no,southwest,10602.385
1022,47,male,36.08,1,yes,southeast,42211.1382
1155,36,female,22.135,3,no,northeast,7228.21565
534,64,male,40.48,0,no,southeast,13831.1152
212,24,male,28.5,2,no,northwest,3537.703
657,27,male,33.155,2,no,northwest,4058.71245
525,18,female,33.88,0,no,southeast,11482.63485
73,58,male,32.01,1,no,southeast,11946.6259
643,23,female,34.96,3,no,northwest,4466.6214
369,18,male,30.4,3,no,northeast,3481.868
522,51,female,33.915,0,no,northeast,9866.30485
572,30,female,43.12,2,no,southeast,4753.6368
429,27,female,30.4,3,no,northwest,18804.7524
647,40,female,23.37,3,no,northeast,8252.2843
1322,62,male,38.83,0,no,southeast,12981.3457
694,27,female,34.8,1,no,southwest,3577.9990000000003
786,60,male,36.955,0,no,northeast,12741.16745
298,31,male,34.39,3,yes,northwest,38746.3551
1144,50,male,32.3,2,no,southwest,9630.396999999999
1068,63,male,21.66,1,no,northwest,14349.8544
1038,22,male,28.88,0,no,northeast,2250.8352
465,30,female,28.38,1,yes,southeast,19521.9682
198,51,female,18.05,0,no,northwest,9644.2525
281,54,male,40.565,3,yes,northeast,48549.17835
772,44,female,36.48,0,no,northeast,12797.20962
1091,55,female,29.83,0,no,northeast,11286.5387
808,18,male,30.14,0,no,southeast,1131.5066
322,34,male,30.8,0,yes,southwest,35491.64
1156,19,male,44.88,0,yes,southeast,39722.7462
1086,55,male,28.975,0,no,northeast,10796.35025
29,31,male,36.3,2,yes,southwest,38711.0
1261,28,male,37.1,1,no,southwest,3277.1609999999996
1200,37,male,24.32,2,no,northwest,6198.7518
594,41,male,40.26,0,no,southeast,5709.1644
835,42,male,35.97,2,no,southeast,7160.3303
490,19,female,32.9,0,no,southwest,1748.774
765,57,female,31.825,0,no,northwest,11842.62375
1249,32,male,33.63,1,yes,northeast,37607.5277
83,48,female,41.23,4,no,northwest,11033.6617
1123,27,female,32.395,1,no,northeast,18903.49141
879,37,female,29.5,2,no,southwest,6311.951999999999
587,34,female,30.21,1,yes,northwest,43943.8761
106,19,female,28.4,1,no,southwest,2331.519
736,37,female,38.39,0,yes,southeast,40419.0191
856,48,female,33.11,0,yes,southeast,40974.1649
843,57,female,29.81,0,yes,southeast,27533.9129
261,20,female,26.84,1,yes,southeast,17085.2676
117,29,female,27.94,1,yes,southeast,19107.7796
1327,51,male,30.03,1,no,southeast,9377.9047
1106,49,female,29.925,0,no,northwest,8988.15875
421,61,male,35.86,0,yes,southeast,46599.1084
516,20,male,35.31,1,no,southeast,27724.28875
48,60,female,24.53,0,no,southeast,12629.8967
1128,34,male,32.8,1,no,southwest,14358.36437
847,23,male,50.38,1,no,southeast,2438.0552
430,19,male,33.1,0,no,southwest,23082.95533
649,58,female,32.965,0,no,northeast,12430.95335
679,49,female,23.18,2,no,northwest,10156.7832
105,20,male,28.025,1,yes,northwest,17560.37975
405,52,female,38.38,2,no,northeast,11396.9002
229,47,male,25.46,2,no,northeast,9225.2564
957,24,male,26.79,1,no,northwest,12609.88702
36,62,female,32.965,3,no,northwest,15612.19335
642,61,male,33.915,0,no,northeast,13143.86485
1084,62,female,30.495,2,no,northwest,15019.76005
1178,23,female,34.865,0,no,northeast,2899.48935
1176,52,female,24.13,1,yes,northwest,23887.6627
1318,35,male,39.71,4,no,northeast,19496.71917
499,62,female,39.2,0,no,southwest,13470.86
108,29,male,27.94,0,no,southeast,2867.1196
918,61,female,28.2,0,no,southwest,13041.921
382,55,male,33.0,0,no,southeast,20781.48892
317,54,male,32.775,0,no,northeast,10435.06525
416,52,male,34.1,0,no,southeast,9140.951
184,44,male,30.69,2,no,southeast,7731.4271
398,64,male,25.6,2,no,southwest,14988.431999999999
544,54,male,30.21,0,no,northwest,10231.4999
776,40,male,32.3,2,no,northwest,6986.696999999999
1134,28,male,33.82,0,no,northwest,19673.335730000003
756,39,female,22.8,3,no,northeast,7985.815
201,48,female,32.23,1,no,southeast,8871.1517
815,20,female,31.46,0,no,southeast,1877.9294
638,39,male,26.41,0,yes,northeast,20149.3229
51,21,female,33.63,2,no,northwest,3579.8287
812,54,male,21.01,2,no,southeast,11013.7119
214,45,female,30.9,2,no,southwest,8520.026
805,45,female,35.815,0,no,northwest,7731.85785
1273,35,male,27.61,1,no,southeast,4747.0529
1325,61,male,33.535,0,no,northeast,13143.33665
609,30,male,37.8,2,yes,southwest,39241.442
777,45,male,39.805,0,no,northeast,7448.40395
771,53,female,26.7,2,no,southwest,11150.78
1035,54,female,23.0,3,no,southwest,12094.478000000001
745,50,female,30.115,1,no,northwest,9910.35985
1059,32,male,33.82,1,no,northwest,4462.7218
393,49,male,31.35,1,no,northeast,9290.1395
980,54,male,25.46,1,no,northeast,25517.11363
1226,38,male,16.815,2,no,northeast,6640.54485
367,42,female,24.985,2,no,northwest,8017.06115
179,41,female,33.155,3,no,northeast,8538.28845
632,29,female,35.53,0,no,southeast,3366.6697
517,45,male,30.495,2,no,northwest,8413.46305
137,22,male,25.175,0,no,northwest,2045.68525
1235,26,male,31.065,0,no,northwest,2699.56835
671,29,female,31.16,0,no,northeast,3943.5954
737,26,male,23.7,2,no,southwest,3484.3309999999997
494,21,male,25.7,4,yes,southwest,17942.106
348,36,female,29.92,1,no,southeast,5478.0368
1279,25,female,26.79,2,no,northwest,4189.1131
564,18,female,32.12,2,no,southeast,2801.2588
1130,39,female,23.87,5,no,southeast,8582.3023
1062,59,male,41.14,1,yes,southeast,48970.2476
860,37,female,47.6,2,yes,southwest,46113.511
263,19,male,36.955,0,yes,northwest,36219.40545
1246,45,female,25.7,3,no,southwest,9101.798
1045,43,female,24.7,2,yes,northwest,21880.82
128,32,female,17.765,2,yes,northwest,32734.1863
133,19,male,25.555,0,no,northwest,1632.56445
565,19,female,30.495,0,no,northwest,2128.43105
1167,29,female,24.6,2,no,southwest,4529.477
512,51,male,22.42,0,no,northeast,9361.3268
111,55,female,29.7,2,no,southwest,11881.358
859,57,male,28.1,0,no,southwest,10965.446000000002
1256,51,female,36.385,3,no,northwest,11436.73815
0,19,female,27.9,0,yes,southwest,16884.924
278,59,male,31.79,2,no,southeast,12928.7911
453,20,male,29.735,0,no,northwest,1769.53165
715,60,male,28.9,0,no,southwest,12146.971000000001
966,51,male,24.795,2,yes,northwest,23967.38305
839,59,female,31.35,0,no,northwest,12622.1795
627,33,male,42.46,1,no,southeast,11326.71487
526,19,female,30.59,2,no,northwest,24059.68019
410,19,male,17.48,0,no,northwest,1621.3402
1075,32,female,29.59,1,no,southeast,4562.8421
825,64,female,31.825,2,no,northeast,16069.08475
21,30,female,32.4,1,no,southwest,4149.736
1218,46,female,34.6,1,yes,southwest,41661.602
326,27,female,23.21,1,no,southeast,3561.8889
1103,58,male,36.08,0,no,southeast,11363.2832
253,27,male,30.3,3,no,southwest,4260.744000000001
1219,38,female,30.21,3,no,northwest,7537.1639
1297,28,female,26.51,2,no,southeast,4340.4409
855,20,female,29.6,0,no,southwest,1875.344
1124,23,female,42.75,1,yes,northeast,40904.1995
1241,64,male,36.96,2,yes,southeast,49577.6624
94,64,female,31.3,2,yes,southwest,47291.055
947,37,male,34.2,1,yes,northeast,39047.285
959,48,male,36.67,1,no,northwest,28468.91901
1259,52,female,23.18,0,no,northeast,10197.7722
1093,22,female,30.4,0,yes,northwest,33907.547999999995
934,32,male,37.18,2,no,southeast,4673.3922
440,31,female,32.68,1,no,northwest,4738.2682
910,22,male,28.31,1,no,northwest,2639.0429
607,59,female,23.655,0,yes,northwest,25678.77845
293,22,female,28.82,0,no,southeast,2156.7518
62,64,male,24.7,1,no,northwest,30166.618169999998
539,53,male,31.35,0,no,southeast,27346.04207
1014,38,female,27.6,0,no,southwest,5383.536
1308,25,female,30.2,0,yes,southwest,33900.653
610,47,female,29.37,1,no,southeast,8547.6913
104,34,female,27.5,1,no,southwest,5003.853
231,59,female,27.83,3,no,southeast,14001.2867
1054,27,female,21.47,0,no,northwest,3353.4703
1240,52,male,41.8,2,yes,southeast,47269.85400000001
575,58,female,27.17,0,no,northwest,12222.8983
248,19,male,20.9,1,no,southwest,1832.094
849,55,male,32.775,0,no,northwest,10601.63225
641,42,male,28.31,3,yes,northwest,32787.458589999995
898,18,female,40.26,0,no,southeast,1634.5734
782,51,male,35.97,1,no,southeast,9386.1613
1191,41,female,21.755,1,no,northeast,13725.47184
1153,35,female,35.815,1,no,northwest,5630.45785
633,40,male,22.705,2,no,northeast,7173.35995
991,38,female,27.835,2,no,northeast,7144.86265
998,33,female,36.29,3,no,northeast,6551.7501
464,19,male,25.175,0,no,northwest,1632.03625
648,18,male,28.5,0,no,northeast,1712.227
1313,19,female,34.7,2,yes,southwest,36397.576
345,34,female,29.26,3,no,southeast,6184.2994
748,47,female,36.0,1,no,southwest,8556.907
433,60,female,30.5,0,no,southwest,12638.195
927,57,female,20.1,1,no,southwest,12032.326000000001
381,55,male,30.685,0,yes,northeast,42303.69215
884,25,male,26.695,4,no,northwest,4877.98105
779,53,male,28.88,0,no,northwest,9869.8102
374,20,male,33.33,0,no,southeast,1391.5287
228,41,female,31.635,1,no,northeast,7358.17565
1119,30,female,19.95,3,no,northwest,5693.4305
1305,24,female,27.72,0,no,southeast,2464.6188
87,56,female,27.2,0,no,southwest,11073.176000000001
80,31,male,26.885,1,no,northeast,4441.21315
273,50,male,27.455,1,no,northeast,9617.66245
364,21,female,21.89,2,no,southeast,3180.5101
1334,18,female,31.92,0,no,northeast,2205.9808
114,52,male,32.205,3,no,northeast,11488.31695
983,27,female,30.59,1,no,northeast,16796.41194
208,63,female,31.8,0,no,southwest,13880.948999999999
332,61,female,31.16,0,no,northwest,13429.0354
866,18,male,37.29,0,no,southeast,1141.4451
100,41,female,31.6,0,no,southwest,6186.1269999999995
1060,24,male,32.01,0,no,southeast,1981.5819
540,34,female,38.0,3,no,southwest,6196.448
82,22,male,37.62,1,yes,southeast,37165.1638
91,53,female,24.795,1,no,northwest,10942.13205
623,18,male,33.535,0,yes,northeast,34617.84065
79,41,female,32.965,0,no,northwest,6571.02435
400,51,female,20.6,0,no,southwest,9264.796999999999
1184,23,female,28.49,1,yes,southeast,18328.2381
1283,18,male,30.03,1,no,southeast,1720.3537
548,25,female,28.595,0,no,northeast,3213.62205
93,35,male,34.77,2,no,northwest,5729.0053
375,23,female,28.31,0,yes,northwest,18033.9679
1237,58,female,28.215,0,no,northwest,12224.35085
1310,42,male,26.315,1,no,northwest,6940.90985
922,38,male,31.0,1,no,southwest,5488.262
720,51,female,40.66,0,no,northeast,9875.6804
639,56,male,33.66,4,no,southeast,12949.1554
864,51,male,25.4,0,no,southwest,8782.469000000001
219,24,female,23.21,0,no,southeast,25081.76784
456,55,female,30.14,2,no,southeast,11881.9696
820,45,male,33.7,1,no,southwest,7445.918000000001
1046,43,female,25.08,0,no,northeast,7325.0482
653,45,female,36.3,2,no,southeast,8527.532
63,28,female,25.935,1,no,northwest,4133.64165
101,30,male,25.46,0,no,northeast,3645.0894
1222,50,male,25.3,0,no,southeast,8442.667
893,47,male,38.94,2,yes,southeast,44202.6536
659,57,female,28.785,4,no,northeast,14394.39815
1188,43,female,25.27,1,yes,northeast,21771.3423
2,28,male,33.0,3,no,southeast,4449.462
237,31,male,38.39,2,no,southeast,4463.2051
962,63,female,35.2,1,no,southeast,14474.675
581,19,male,30.59,0,no,northwest,1639.5631
547,54,female,46.7,2,no,southwest,11538.421
30,22,male,35.6,0,yes,southwest,35585.576
926,19,female,23.4,2,no,southwest,2913.5690000000004
833,58,male,34.39,0,no,northwest,11743.9341
1324,31,male,25.935,1,no,northwest,4239.89265
175,63,female,37.7,0,yes,southwest,48824.45
64,20,female,22.42,0,yes,northwest,14711.7438
1095,18,female,31.35,4,no,northeast,4561.1885
1224,41,male,23.94,1,no,northeast,6858.4796
254,50,male,31.825,0,yes,northeast,41097.16175
1137,26,female,22.23,0,no,northwest,3176.2877
1076,47,female,32.0,1,no,southwest,8551.347
620,30,male,31.4,1,no,southwest,3659.3459999999995
1220,30,female,21.945,1,no,northeast,4718.20355
165,47,male,28.215,4,no,northeast,10407.08585
1332,52,female,44.7,3,no,southwest,11411.685
761,23,male,35.2,1,no,southwest,2416.955
463,56,male,25.935,0,no,northeast,11165.41765
121,18,male,23.75,0,no,northeast,1705.6245
939,53,male,29.48,0,no,southeast,9487.6442
636,19,female,24.51,1,no,northwest,2709.1119
1311,33,female,26.695,0,no,northwest,4571.41305
1166,57,male,40.37,0,no,southeast,10982.5013
1221,40,male,24.97,2,no,southeast,6593.5083
890,64,female,26.885,0,yes,northwest,29330.98315
546,28,male,35.435,0,no,northeast,3268.84665
729,41,female,36.08,1,no,southeast,6781.3542
767,42,female,29.0,1,no,southwest,7050.642
514,39,male,28.3,1,yes,southwest,21082.16
236,18,female,26.73,0,no,southeast,1615.7667
528,46,male,39.425,1,no,northeast,8342.90875
11,62,female,26.29,0,yes,southeast,27808.7251
242,55,female,26.8,1,no,southwest,35160.13457
933,45,female,35.3,0,no,southwest,7348.142
423,25,male,30.59,0,no,northeast,2727.3951
875,23,female,28.12,0,no,northwest,2690.1138
832,28,female,23.845,2,no,northwest,4719.73655
1172,56,female,41.91,0,no,southeast,11093.6229
308,58,male,34.865,0,no,northeast,11944.59435
749,28,male,30.875,0,no,northwest,3062.50825
57,18,male,31.68,2,yes,southeast,34303.1672
1212,18,male,21.47,0,no,northeast,1702.4553
1304,42,male,24.605,2,yes,northeast,21259.37795
185,36,male,41.895,3,yes,northeast,43753.33705
944,62,male,39.93,0,no,southeast,12982.8747
930,26,male,46.53,1,no,southeast,2927.0647
403,49,male,32.3,3,no,northwest,10269.46
170,63,male,41.47,0,no,southeast,13405.3903
968,21,male,25.745,2,no,northeast,3279.86855
122,20,female,28.975,0,no,northwest,2257.47525
1162,30,male,38.83,1,no,southeast,18963.171919999997
437,35,male,28.9,3,no,southwest,5926.846
46,18,female,38.665,2,no,northeast,3393.35635
235,40,female,22.22,2,yes,southeast,19444.2658
1120,23,female,31.4,0,yes,southwest,34166.273
1303,43,male,27.8,0,yes,southwest,37829.7242
1089,56,male,22.1,0,no,southwest,10577.087
527,51,female,25.8,1,no,southwest,9861.025
1269,45,male,27.5,3,no,southwest,8615.3
178,46,female,28.9,2,no,southwest,8823.279
307,30,female,33.33,1,no,southeast,4151.0287
1231,20,female,21.8,0,yes,southwest,20167.336030000002
602,56,female,25.3,0,no,southwest,11070.535
160,42,female,26.6,0,yes,northwest,21348.706000000002
942,18,female,40.185,0,no,northeast,2217.46915
1242,22,female,21.28,3,no,northwest,4296.2712
1289,44,male,34.32,1,no,southeast,7147.4728
1270,26,male,33.915,1,no,northwest,3292.52985
769,38,female,19.475,2,no,northwest,6933.24225
147,51,female,37.73,1,no,southeast,9877.6077
713,20,male,40.47,0,no,northeast,1984.4533
470,27,male,32.67,0,no,southeast,2497.0383
1192,58,female,32.395,1,no,northeast,13019.16105
667,40,female,32.775,2,yes,northwest,40003.33225
1272,43,male,25.52,5,no,southeast,14478.33015
1139,19,female,32.49,0,yes,northwest,36898.73308
211,40,male,30.875,4,no,northwest,8162.71625
724,50,female,27.075,1,no,northeast,10106.13425
1201,46,male,40.375,2,no,northwest,8733.22925
838,35,female,23.465,2,no,northeast,6402.29135
842,23,female,32.78,2,yes,southeast,36021.0112
42,41,male,21.78,1,no,southeast,6272.4772
530,57,male,42.13,1,yes,southeast,48675.5177
1195,19,female,27.93,3,no,northwest,18838.70366
515,58,male,35.7,0,no,southwest,11362.755
487,19,male,28.7,0,no,southwest,1253.9360000000001
1044,55,male,35.245,1,no,northeast,11394.06555
672,36,male,29.7,0,no,southeast,4399.731
1294,58,male,25.175,0,no,northeast,11931.12525
176,38,male,27.835,2,no,northwest,6455.86265
626,36,male,28.88,3,no,northeast,6748.5912
554,25,female,41.325,0,no,northeast,17878.900680000002
668,62,male,32.015,0,yes,northeast,45710.20785
390,48,male,35.625,4,no,northeast,10736.87075
1159,32,female,41.1,0,no,southwest,3989.841
905,26,female,29.355,2,no,northeast,4564.19145
1136,44,female,25.0,1,no,southwest,7623.518
937,39,female,24.225,5,no,northwest,8965.79575
271,50,male,34.2,2,yes,southwest,42856.837999999996
356,46,male,43.89,3,no,southeast,8944.1151
492,18,female,25.08,0,no,northeast,2196.4732
1171,43,female,26.7,2,yes,southwest,22478.6
220,34,female,33.7,1,no,southwest,5012.471
576,22,male,26.84,0,no,southeast,1664.9996
39,60,male,39.9,0,yes,southwest,48173.361
136,19,male,34.1,0,no,southwest,1261.442
1295,20,male,22.0,1,no,southwest,1964.78
249,29,male,28.975,1,no,northeast,4040.55825
674,44,female,43.89,2,yes,southeast,46200.9851
566,38,female,40.565,1,no,northwest,6373.55735
1306,29,female,21.85,0,yes,northeast,16115.3045
1043,28,female,25.8,0,no,southwest,3161.454
763,27,male,26.03,0,no,northeast,3070.8087
300,36,male,27.55,3,no,northeast,6746.7425
615,47,female,36.63,1,yes,southeast,42969.8527
107,26,male,30.875,2,no,northwest,3877.30425
462,62,female,38.095,2,no,northeast,15230.32405
1077,21,male,26.03,0,no,northeast,2102.2647
190,61,male,31.57,0,no,southeast,12557.6053
1292,21,male,23.21,0,no,southeast,1515.3449
1206,59,female,34.8,2,no,southwest,36910.60803
710,18,male,35.2,1,no,southeast,1727.54
740,45,male,24.035,2,no,northeast,8604.48365
531,62,female,31.73,0,no,northeast,14043.4767
145,29,female,38.83,3,no,southeast,5138.2567
518,35,female,31.0,1,no,southwest,5240.765
418,64,male,39.16,1,no,southeast,14418.2804
778,35,male,34.32,3,no,southeast,5934.3798
822,18,female,31.13,0,no,southeast,1621.8827
793,53,male,20.9,0,yes,southeast,21195.818
902,26,male,27.265,3,no,northeast,4661.28635
53,36,male,34.43,0,yes,southeast,37742.5757
727,29,female,21.755,1,yes,northeast,16657.71745
1112,48,female,25.85,3,yes,southeast,24180.9335
871,26,female,29.48,1,no,southeast,3392.3652
629,44,female,38.95,0,yes,northwest,42983.4585
126,19,female,28.3,0,yes,southwest,17081.08
329,52,male,36.7,0,no,southwest,9144.565
1066,48,male,37.29,2,no,southeast,8978.1851
1048,25,female,22.515,1,no,northwest,3594.17085
963,46,male,24.795,3,no,northeast,9500.57305
746,34,male,27.0,2,no,southwest,11737.84884
693,24,male,23.655,0,no,northwest,2352.96845
675,45,male,21.375,0,no,northwest,7222.78625
355,46,male,27.6,0,no,southwest,24603.04837
1023,18,male,23.32,1,no,southeast,1711.0268
598,43,male,32.6,2,no,southwest,7441.501
209,40,male,41.23,1,no,northeast,6610.1097
1287,36,female,25.9,1,no,southwest,5472.4490000000005
1298,33,male,27.455,2,no,northwest,5261.46945
164,37,male,29.64,0,no,northwest,5028.1466
1133,52,female,18.335,0,no,northwest,9991.03765
475,61,male,28.31,1,yes,northwest,28868.6639
900,49,male,22.515,0,no,northeast,8688.85885
1009,51,male,27.74,1,no,northeast,9957.7216
781,18,male,41.14,0,no,southeast,1146.7966
1146,60,male,32.8,0,yes,southwest,52590.82939
923,34,male,35.815,0,no,northwest,4320.41085
318,44,female,27.645,0,no,northwest,7421.19455
500,29,male,34.4,0,yes,southwest,36197.699
402,64,female,32.965,0,no,northwest,14692.66935
311,19,female,24.7,0,no,southwest,1737.376
1016,19,female,24.605,1,no,northwest,2709.24395
1017,26,female,34.2,2,no,southwest,3987.926
340,24,female,27.6,0,no,southwest,18955.22017
909,32,female,24.6,0,yes,southwest,17496.306
955,31,male,39.49,1,no,southeast,3875.7341
459,40,female,33.0,3,no,southeast,7682.67
1232,54,female,24.605,3,no,northwest,12479.70895
199,64,female,39.33,0,no,northeast,14901.5167
568,49,female,31.9,5,no,southwest,11552.903999999999
1042,20,male,30.685,0,yes,northeast,33475.81715
1007,47,male,28.215,3,yes,northwest,24915.22085
139,22,female,36.0,0,no,southwest,2166.732
448,40,female,29.6,0,no,southwest,5910.944
1104,37,male,29.8,0,no,southwest,20420.60465
634,51,male,39.7,1,no,southwest,9391.346
589,38,female,30.69,1,no,southeast,5976.8311
1152,43,female,32.56,3,yes,southeast,40941.2854
951,51,male,42.9,2,yes,southeast,47462.894
1290,38,female,19.95,2,no,northeast,7133.9025
399,18,female,38.17,0,no,southeast,1631.6683
247,24,male,35.86,0,no,southeast,1986.9334
764,45,female,25.175,2,no,northeast,9095.06825
1012,61,female,33.33,4,no,southeast,36580.28216
945,56,female,35.8,1,no,southwest,11674.13
245,54,male,30.02,0,no,northwest,24476.47851
1307,32,male,28.12,4,yes,northwest,21472.4788
1170,18,male,27.36,1,yes,northeast,17178.6824
919,35,female,34.21,1,no,southeast,5245.2269
655,52,female,25.3,2,yes,southeast,24667.418999999998
852,46,female,35.53,0,yes,northeast,42111.6647
596,42,female,29.48,2,no,southeast,7640.3092
611,38,female,34.8,2,no,southwest,6571.544
338,50,male,32.3,1,yes,northeast,41919.097
891,36,female,29.04,4,no,southeast,7243.8136
174,24,female,33.345,0,no,northwest,2855.43755
23,34,female,31.92,1,yes,northeast,37701.8768
1115,55,male,32.67,1,no,southeast,10807.4863
1174,29,male,32.11,2,no,northwest,4433.9159
511,27,male,33.66,0,no,southeast,2498.4144
1208,37,female,25.555,1,yes,northeast,20296.86345
409,32,male,30.03,1,no,southeast,4074.4537
195,19,male,30.59,0,no,northwest,1639.5631
1080,18,male,21.78,2,no,southeast,11884.04858
1315,18,male,28.31,1,no,northeast,11272.331390000001
422,40,male,32.775,1,yes,northeast,39125.33225
276,19,male,20.615,2,no,northwest,2803.69785
790,39,female,41.8,0,no,southeast,5662.225
215,41,female,37.1,2,no,southwest,7371.772
510,56,male,32.11,1,no,northeast,11763.0009
1189,23,female,28.0,0,no,southwest,13126.67745
1015,59,male,25.46,0,no,northwest,12124.9924
497,45,male,28.7,2,no,southwest,8027.968000000001
1204,18,female,27.28,3,yes,southeast,18223.4512
850,37,female,30.78,0,yes,northeast,37270.1512
537,46,female,30.2,2,no,southwest,8825.086
177,54,male,29.2,1,no,southwest,10436.096
56,58,female,31.825,2,no,northeast,13607.36875
1040,35,female,28.025,0,yes,northwest,20234.85475
333,56,female,28.785,0,no,northeast,11658.37915
1083,32,male,31.5,1,no,southwest,4076.4970000000003
1216,40,male,25.08,0,no,southeast,5415.6612
1296,18,male,26.125,0,no,northeast,1708.92575
1278,39,male,29.925,1,yes,northeast,22462.04375
156,48,male,24.42,0,yes,southeast,21223.6758
673,41,female,31.02,0,no,southeast,6185.3208
451,30,male,24.13,1,no,northwest,4032.2407
431,29,female,20.235,2,no,northwest,4906.40965
194,18,male,34.43,0,no,southeast,1137.4697
1067,39,male,42.655,0,no,northeast,5757.41345
700,21,female,34.87,0,no,southeast,2020.5523
132,53,female,35.9,2,no,southwest,11163.568000000001
343,63,male,36.765,0,no,northeast,13981.85035
887,36,female,30.02,0,no,northwest,5272.1758
59,34,female,37.335,2,no,northwest,5989.52365
826,56,male,31.79,2,yes,southeast,43813.8661
690,21,male,27.36,0,no,northeast,2104.1134
591,47,male,19.57,1,no,northwest,8428.0693
449,35,male,38.6,1,no,southwest,4762.329000000001
987,45,female,27.645,1,no,northwest,28340.18885
810,46,female,30.8,3,no,southwest,9414.92
645,48,male,30.78,3,no,northeast,10141.1362
946,42,male,35.8,2,no,southwest,7160.094
323,57,male,40.945,0,no,northeast,11566.30055
372,42,female,33.155,1,no,northeast,7639.41745
169,27,male,18.905,3,no,northeast,4827.90495
586,21,male,20.235,3,no,northeast,3861.20965
483,51,female,39.5,1,no,southwest,9880.068000000001
1135,50,female,28.12,3,no,northwest,11085.5868
280,40,female,28.12,1,yes,northeast,22331.5668
37,26,male,20.8,0,no,southwest,2302.3
935,59,female,27.5,0,no,southwest,12233.828000000001
1032,30,female,27.93,0,no,northeast,4137.5227
286,46,female,48.07,2,no,northeast,9432.9253
226,28,male,38.06,0,no,southeast,2689.4954
99,38,male,19.3,0,yes,southwest,15820.698999999999
1070,37,male,37.07,1,yes,southeast,39871.7043
988,34,male,34.675,0,no,northeast,4518.82625
384,44,male,22.135,2,no,northeast,8302.53565
264,53,female,38.06,3,no,southeast,20462.99766
913,44,female,27.5,1,no,southwest,7626.993
924,43,male,23.2,0,no,southwest,6250.435
1244,18,male,33.33,0,no,southeast,1135.9407
794,39,female,31.92,2,no,northwest,7209.4918
16,52,female,30.78,1,no,northeast,10797.3362
1090,47,male,36.19,0,yes,southeast,41676.0811
1121,46,male,38.17,2,no,southeast,8347.1643
545,49,male,25.84,2,yes,northwest,23807.2406
216,53,female,26.6,0,no,northwest,10355.641
1291,19,male,34.9,0,yes,southwest,34828.654
543,54,female,47.41,0,yes,southeast,63770.42801
1247,33,male,29.4,4,no,southwest,6059.173000000001
328,64,female,33.8,1,yes,southwest,47928.03
1255,42,female,37.9,0,no,southwest,6474.013000000001
8,37,male,29.83,2,no,northeast,6406.4107
829,39,male,21.85,1,no,northwest,6117.4945
1161,34,male,42.13,2,no,southeast,5124.1887
863,36,female,19.855,0,no,northeast,5458.04645
599,52,female,37.525,2,no,northwest,33471.97189
658,48,female,35.91,1,no,northeast,26392.260290000002
1116,41,male,29.64,5,no,northeast,9222.4026
1251,19,male,19.8,0,no,southwest,1241.565
279,51,female,21.56,1,no,southeast,9855.1314
239,44,male,38.06,1,no,southeast,7152.6714
1096,51,female,34.96,2,yes,northeast,44641.1974
292,25,male,45.54,2,yes,southeast,42112.2356
1260,32,female,20.52,0,no,northeast,4544.2348
696,53,female,32.3,2,no,northeast,29186.48236
388,26,female,22.61,0,no,northwest,3176.8159
608,28,male,26.98,2,no,northeast,4435.0942
670,30,male,31.57,3,no,southeast,4837.5823
1008,25,male,24.985,2,no,northeast,23241.47453
508,24,female,25.27,0,no,northeast,3044.2133
270,18,male,29.37,1,no,southeast,1719.4363
315,52,male,33.25,0,no,northeast,9722.7695
92,59,male,29.83,3,yes,northeast,30184.9367
971,34,female,23.56,0,no,northeast,4992.3764
549,43,female,46.2,0,yes,southeast,45863.205
