,age,sex,bmi,children,smoker,region,charges
1072,21,male,31.255,0,no,northwest,1909.52745
1113,28,female,26.315,3,no,northwest,5312.16985
1205,35,male,17.86,1,no,northwest,5116.5004
613,34,female,19.0,3,no,northeast,6753.0380000000005
124,47,female,33.915,3,no,northwest,10115.00885
358,23,male,41.91,0,no,southeast,1837.2819
665,43,male,38.06,2,yes,southeast,42560.4304
246,60,female,38.06,0,no,southeast,12648.7034
238,19,male,29.07,0,yes,northwest,17352.6803
732,24,female,30.1,3,no,southwest,4234.927
1142,52,female,24.86,0,no,southeast,27117.99378
346,33,male,35.75,2,no,southeast,4889.9995
258,51,male,24.415,4,no,northwest,11520.09985
783,50,female,27.6,1,yes,southwest,24520.264
171,49,male,30.3,0,no,southwest,8116.68
383,35,female,43.34,2,no,southeast,5846.9176
353,33,male,35.245,0,no,northeast,12404.8791
243,40,male,35.3,3,no,southwest,7196.866999999999
314,27,female,31.4,0,yes,southwest,34838.873
666,49,male,28.7,1,no,southwest,8703.456
25,59,female,27.72,3,no,southeast,14001.1338
1109,45,male,20.35,3,no,southeast,8605.3615
728,18,female,40.28,0,no,northeast,2217.6012
368,44,male,32.015,2,no,northwest,8116.26885
255,55,female,25.365,3,no,northeast,13047.33235
840,21,male,31.1,0,no,southwest,1526.3120000000001
9,60,female,25.84,0,no,northwest,28923.136919999997
250,18,male,17.29,2,yes,northeast,12829.4551
1100,33,female,19.095,2,yes,northeast,16776.30405
1183,48,female,27.36,1,no,northeast,9447.3824
650,49,female,42.68,2,no,southeast,9800.8882
592,20,male,31.13,2,no,southeast,2566.4707
223,19,male,34.8,0,yes,southwest,34779.615
555,28,male,23.8,2,no,southwest,3847.6740000000004
714,24,female,22.6,0,no,southwest,2457.502
371,57,female,22.23,0,no,northeast,12029.2867
447,56,female,25.65,0,no,northwest,11454.0215
144,30,male,28.69,3,yes,northwest,20745.9891
460,49,female,36.63,3,no,southeast,10381.4787
821,26,male,17.67,0,no,northwest,2680.9493
817,23,male,37.1,3,no,southwest,3597.5959999999995
269,49,male,25.84,1,no,northeast,9282.4806
941,50,female,46.09,1,no,southeast,9549.5651
1225,33,female,39.82,1,no,southeast,4795.6568
872,42,male,24.86,0,no,southeast,5966.8874
1258,55,male,37.715,3,no,northwest,30063.58055
869,25,female,24.3,3,no,southwest,4391.652
1069,54,female,31.9,1,no,southeast,10928.848999999998
192,25,male,25.74,0,no,southeast,2137.6536
1193,48,female,36.575,0,no,northwest,8671.19125
288,59,female,36.765,1,yes,northeast,47896.79135
477,25,male,35.625,0,no,northwest,2534.39375
1058,24,female,39.49,0,no,southeast,2480.9791
1323,42,female,40.37,2,yes,southeast,43896.3763
159,50,female,27.83,3,no,southeast,19749.383380000003
1036,22,male,37.07,2,yes,southeast,37484.4493
359,18,female,20.79,0,no,southeast,1607.5101
379,62,male,31.46,1,no,southeast,27000.98473
427,18,female,29.165,0,no,northeast,7323.734818999999
692,20,male,32.395,1,no,northwest,2362.22905
424,48,male,30.2,2,no,southwest,8968.33
1064,29,female,25.6,4,no,southwest,5708.866999999999
1248,18,female,39.82,0,no,southeast,1633.9618
1301,62,male,30.875,3,yes,northwest,46718.16325
1329,52,male,38.6,2,no,southwest,10325.206
999,36,female,26.885,0,no,northwest,5267.81815
302,56,female,37.51,2,no,southeast,12265.5069
979,36,female,29.92,0,no,southeast,4889.0368
809,25,male,25.84,1,no,northeast,3309.7926
1026,19,male,26.03,1,yes,northwest,16450.8947
1335,18,female,36.85,0,no,southeast,1629.8335
1018,54,female,35.815,3,no,northwest,12495.29085
256,56,male,33.63,0,yes,northwest,43921.1837
989,24,female,20.52,0,yes,northeast,14571.8908
1312,34,male,42.9,1,no,southwest,4536.259
1181,24,female,29.925,0,no,northwest,2850.68375
889,57,male,33.63,1,no,northwest,11945.1327
1051,64,male,26.41,0,no,northeast,14394.5579
663,18,male,33.66,0,no,southeast,1136.3994
799,33,male,24.795,0,yes,northeast,17904.52705
914,33,male,24.605,2,no,northwest,5257.50795
881,23,male,27.36,1,no,northwest,2789.0574
687,40,male,41.69,0,no,southeast,5438.7491
513,19,male,30.4,0,no,southwest,1256.299
766,47,male,32.3,1,no,southwest,8062.764
996,39,female,34.1,3,no,southwest,7418.522
1117,25,male,33.33,2,yes,southeast,36124.5737
168,19,female,31.825,1,no,northwest,2719.27975
1186,20,male,35.625,3,yes,northwest,37465.34375
1197,41,male,33.55,0,no,southeast,5699.8375
474,54,male,25.1,3,yes,southwest,25382.297000000002
331,52,male,27.36,0,yes,northwest,24393.6224
316,50,male,32.205,0,no,northwest,8835.26495
41,31,female,36.63,2,no,southeast,4949.7587
533,37,male,36.19,0,no,southeast,19214.705530000003
1057,45,female,31.79,0,no,southeast,17929.303369999998
1033,18,male,21.565,0,yes,northeast,13747.87235
880,22,male,34.8,3,no,southwest,3443.0640000000003
552,62,male,21.4,0,no,southwest,12957.118
967,44,male,25.365,1,no,northwest,7518.02535
455,59,male,37.4,0,no,southwest,21797.0004
1088,52,male,47.74,1,no,southeast,9748.9106
1277,32,female,29.735,0,no,northwest,4357.04365
836,36,male,31.5,0,no,southwest,4402.233
81,45,female,38.285,0,no,northeast,7935.29115
958,43,male,34.96,1,yes,northeast,41034.2214
684,33,female,18.5,1,no,southwest,4766.022
1005,29,male,31.73,2,no,northwest,4433.3877
1087,57,male,31.54,0,no,northwest,11353.2276
1004,47,male,19.19,1,no,northeast,8627.5411
1019,21,female,32.68,2,no,northwest,26018.95052
274,25,male,27.55,0,no,northwest,2523.1695
698,56,male,33.725,0,no,northwest,10976.24575
227,58,female,41.91,0,no,southeast,24227.33724
676,55,female,40.81,3,no,southeast,12485.8009
1319,39,female,26.315,2,no,northwest,7201.70085
563,50,male,44.77,1,no,southeast,9058.7303
481,49,male,37.51,2,no,southeast,9304.7019
260,58,female,25.2,0,no,southwest,11837.16
419,63,female,26.98,0,yes,northwest,28950.4692
1050,44,female,36.955,1,no,northwest,8023.13545
536,33,female,38.9,3,no,southwest,5972.378000000001
380,27,female,17.955,2,yes,northeast,15006.57945
689,27,male,31.13,1,yes,southeast,34806.4677
897,19,male,25.555,1,no,northwest,2221.56445
370,61,female,21.09,0,no,northwest,13415.0381
882,21,female,22.135,0,no,northeast,2585.85065
140,34,male,22.42,2,no,northeast,27375.90478
187,30,female,30.9,3,no,southwest,5325.651
505,37,male,30.875,3,no,northwest,6796.86325
600,18,female,39.16,0,no,southeast,1633.0444
865,40,male,29.9,2,no,southwest,6600.361
268,45,male,30.2,1,no,southwest,7441.053000000001
1331,23,female,33.4,0,no,southwest,10795.937329999999
1131,27,male,45.9,2,no,southwest,3693.428
788,29,male,22.515,3,no,northeast,5209.57885
200,19,female,32.11,0,no,northwest,2130.6759
411,44,female,20.235,1,yes,northeast,19594.80965
414,19,female,35.15,0,no,northwest,2134.9015
994,27,female,20.045,3,yes,northwest,16420.49455
395,46,male,19.855,0,no,northwest,7526.70645
1010,48,female,22.8,0,no,southwest,8269.044
535,38,male,28.025,1,no,northeast,6067.12675
978,45,female,39.995,3,no,northeast,9704.66805
69,28,male,23.98,3,yes,southeast,17663.1442
357,47,male,29.83,3,no,northwest,9620.3307
267,59,female,32.395,3,no,northeast,14590.63205
1177,40,female,27.4,1,no,southwest,6496.8859999999995
361,35,male,30.5,1,no,southwest,4751.07
252,54,male,34.21,2,yes,southeast,44260.7499
753,58,female,22.77,0,no,southeast,11833.7823
498,44,female,23.98,2,no,southeast,8211.1002
13,56,female,39.82,0,no,southeast,11090.7178
1309,41,male,32.2,2,no,southwest,6875.960999999999
911,18,male,31.73,0,yes,northeast,33732.6867
661,57,female,23.98,1,no,southeast,22192.43711
32,19,female,28.6,5,no,southwest,4687.7970000000005
1037,45,female,30.495,1,yes,northwest,39725.51805
984,20,male,30.115,5,no,northeast,4915.05985
1214,27,female,31.255,1,no,northwest,3956.07145
436,22,male,31.73,0,no,northeast,2254.7967
76,29,female,29.59,1,no,southeast,3947.4131
44,38,male,37.05,1,no,northeast,6079.6715
484,48,male,34.3,3,no,southwest,9563.029
1157,23,female,23.18,2,no,northwest,14426.07385
150,35,male,24.13,1,no,northwest,5125.2157
1252,20,male,27.3,0,yes,southwest,16232.847
1029,37,female,17.29,2,no,northeast,6877.9801
466,60,female,28.7,1,no,southwest,13224.693000000001
1003,48,male,29.6,0,no,southwest,21232.182259999998
1081,32,male,27.835,1,no,northwest,4454.40265
33,63,male,28.31,0,no,northwest,13770.0979
712,43,female,30.685,2,no,northwest,8310.83915
1209,59,male,37.1,1,no,southwest,12347.171999999999
115,60,male,28.595,0,no,northeast,30259.995560000003
1013,48,male,32.3,1,no,northwest,8765.249
571,18,female,37.29,1,no,southeast,2219.4451
735,49,female,34.77,1,no,northwest,9583.8933
733,48,female,27.265,1,no,northeast,9447.25035
811,33,female,42.94,3,no,northwest,6360.9936
742,53,male,34.105,0,yes,northeast,43254.41795
1173,38,male,29.26,2,no,northwest,6457.8434
496,31,female,23.6,2,no,southwest,4931.647
49,36,male,35.2,1,yes,southeast,38709.176
878,41,male,28.8,1,no,southwest,6282.235
617,49,male,25.6,2,yes,southwest,23306.547000000002
1074,60,female,18.335,0,no,northeast,13204.28565
